TOWARIDX;ACTIVE;PRODUCT_CODE;NAME;TAX_ID;UNIT;PRODUCER;CATEGORY
C17-HLB2-150-580-4K/BMK;1;C17-HLB2-150-580-4K/BMK;Oprawa hermetyczna LED Balwir 2 38W 6466-9280lm 4000K IP65 Bemko C17-HLB2-150-580-4K;1;szt;BEMKO;Bez kategorii
C49-LTW09/BMK;1;C49-LTW09/BMK;Latarka wielofunkcyjna LED 5-20W 2000lm 3000-6500K 6000mAh IP42 Bemko C49-LTW09;1;szt;BEMKO;Bez kategorii
C72BLS066420CCTWH/BMK;1;C72BLS066420CCTWH/BMK;Panel LED backlight Superior BLS 42W 4310-5620lm 3000-6500K 595x595mm IP20/IP65 biała Bemko C72-BLS-066-420-CCT-WH;1;szt;BEMKO;Bez kategorii
C72-BLO-066-340-4K-BL/BMK;1;C72-BLO-066-340-4K-BL/BMK;Panel LED backlight okrągły BLO NT 34W 4400lm 4000K 60cm IP40 czarny Bemko C72-BLO-066-340-4K-BL;1;szt;BEMKO;Bez kategorii
EP-501966/EAT;1;EP-501966/EAT;Ogranicznik przepięć PV DC Typ 2 2+PE SPPVRT2-10-2+PE 1000V Eaton EP-501966;1;szt;EATON;Bez kategorii
285345/EAT;1;285345/EAT;Rozdzielnica BF-O-3 72-P BF-O-3 415V 43x16 cm IP30 bialy EATON 285345;1;szt;EATON;Bez kategorii
284908/EAT;1;284908/EAT;Rozłącznik izolacyjny ZP-A63/3 3P 63A 400V IP40 Eaton 284908;1;szt;EATON;Bez kategorii
248439/EAT;1;248439/EAT;Wyzwalacz wzrostowy 110-415V AC/DC ZP-ASA/230 248439;1;szt;EATON;Bez kategorii
94252102/ELB;1;94252102/ELB;Pręt uziomowy Elkonomic z trzpieniem 1500mm fi16mm ELKO-BIS 94252102;1;szt;ELKO-BIS;Bez kategorii
93000411/ELB;1;93000411/ELB;Uchwyt plastikowy z obciążnikiem do drutu odgromowego średnica 8-10mm ELKO-BIS 93000411;1;szt;ELKO-BIS;Bez kategorii
95500201/ELB;1;95500201/ELB;Złącze krzyżowe 1-otworowe M10x35 do drutu średnica 8-10mm ELKO-BIS 95500201;1;szt;ELKO-BIS;Bez kategorii
10400120080/ELB;1;10400120080/ELB;Ogranicznik przepięć ESPAC V T12 4P 12,5/275 ELKO-BIS 10400120080;1;szt;ELKO-BIS;Bez kategorii
2465-00/EPN;1;2465-00/EPN;Rozdzielnica natynkowa ELEGANT RN 4x12 PE+N IP40 biała EPN 2465-00;1;szt;EPN;Bez kategorii
2465-50/EPN;1;2465-50/EPN;Rozdzielnica natynkowa ELEGANT TWIN RN 2x12 PE+N + 2x12 multimedialna IP40 biała EPN 2465-50;1;szt;EPN;Bez kategorii
39.999/EPO;1;39.999/EPO;Silikon elektroizolacyjny ELESIL GELEBOX 20kV/mm 100ml EPO 39.999;1;szt;EPO;Bez kategorii
18.90/EPO;1;18.90/EPO;Taśma ostrzegawcza samoprzylepna TOS-5zz 5cm x 33m żółto-zielona EPO 18.90;1;szt;EPO;Bez kategorii
55.66/EPO;1;55.66/EPO;Gniazdo hermetyczne GHN 16A 250V IP66 szare EPO 55.66;1;szt;EPO;Bez kategorii
04.1R/EPS;1;04.1R/EPS;Rura elektroinstalacyjna karbowana PVC EPS 04.1R;1;m;EPS;Bez kategorii
06.53/EPS;1;06.53/EPS;Rura elektroinstalacyjna sztywna PVC 40mm 3m szara EPS 06.53;1;szt;EPS;Bez kategorii
05.174/EPS;1;05.174/EPS;Rura karbowana giętka PVC UV 25/19mm 25m czarna EPS 05.174;1;m;EPS;Bez kategorii
001101214/ETI;1;001101214/ETI;Obudowa rozdzielnicy podtynkowa ERP18-4 18 modułów 4 rzędy IP40 biała ETI 001101214;1;szt;ETI;Bez kategorii
001101216/ETI;1;001101216/ETI;Obudowa rozdzielnicy podtynkowa ERP18-5 18 modułów 5 rzędów IP40 biała ETI 001101216;1;szt;ETI;Bez kategorii
002172406/ETI;1;002172406/ETI;Wyłącznik różnicowoprądowy nadprądowy KZS-2M2p EDI A B16/0.03 16A 30mA 10kA IP20 ETI 002172406;1;szt;ETI;Bez kategorii
002173814/ETI;1;002173814/ETI;Wyłącznik różnicowoprądowy nadprądowy KZS-AFDD 3M2p A B16/0.03 16A 30mA IP20 ETI 002173814;1;szt;ETI;Bez kategorii
PSR-463-AUTO/FIF;1;PSR-463-AUTO/FIF;Automatyczny przełącznik sieć-agregat 4P 63A 3x230/400V F&F PSR-463-AUTO;1;szt;F&F;Bez kategorii
HT1P169/GTV;1;HT1P169/GTV;Zaciskarka hydrauliczna ręczna 16-300mm2 100kN GTV HT1P169;1;szt;GTV;Bez kategorii
HT5K279-2-S/GTV;1;HT5K279-2-S/GTV;Spodnie robocze EDGAR II z odpinanymi nogawkami szaro-czarne rozmiar S (48) GTV HT5K279-2-S;1;szt;GTV;Bez kategorii
HT5K279-2-M/GTV;1;HT5K279-2-M/GTV;Spodnie robocze EDGAR II z odpinanymi nogawkami szaro-czarne rozmiar M (50) GTV HT5K279-2-M;1;szt;GTV;Bez kategorii
HT5K279-2-L/GTV;1;HT5K279-2-L/GTV;Spodnie robocze EDGAR II z odpinanymi nogawkami szaro-czarne rozmiar L (52) GTV HT5K279-2-L;1;szt;GTV;Bez kategorii
HT5K279-2-XL/GTV;1;HT5K279-2-XL/GTV;Spodnie robocze EDGAR II z odpinanymi nogawkami szaro-czarne rozmiar XL (54) GTV HT5K279-2-XL;1;szt;GTV;Bez kategorii
HT5K279-2-2XL/GTV;1;HT5K279-2-2XL/GTV;Spodnie robocze EDGAR II z odpinanymi nogawkami szaro-czarne rozmiar 2XL (56) GTV HT5K279-2-2XL;1;szt;GTV;Bez kategorii
HT5K279-2-3XL/GTV;1;HT5K279-2-3XL/GTV;Spodnie robocze EDGAR II z odpinanymi nogawkami szaro-czarne rozmiar 3XL (58) GTV HT5K279-2-3XL;1;szt;GTV;Bez kategorii
HT5K284-1-S/GTV;1;HT5K284-1-S/GTV;Bluza robocza EDGAR II szaro-czarna rozmiar S (48) GTV HT5K284-1-S;1;szt;GTV;Bez kategorii
HT5K284-1-M/GTV;1;HT5K284-1-M/GTV;Bluza robocza EDGAR II szaro-czarna rozmiar M (50) GTV HT5K284-1-M;1;szt;GTV;Bez kategorii
HT5K284-1-L/GTV;1;HT5K284-1-L/GTV;Bluza robocza EDGAR II szaro-czarna rozmiar L (52) GTV HT5K284-1-L;1;szt;GTV;Bez kategorii
HT5K284-1-XL/GTV;1;HT5K284-1-XL/GTV;Bluza robocza EDGAR II szaro-czarna rozmiar XL (54) GTV HT5K284-1-XL;1;szt;GTV;Bez kategorii
HT5K284-1-2XL/GTV;1;HT5K284-1-2XL/GTV;Bluza robocza EDGAR II szaro-czarna rozmiar 2XL (56) GTV HT5K284-1-2XL;1;szt;GTV;Bez kategorii
HT5K284-1-3XL/GTV;1;HT5K284-1-3XL/GTV;Bluza robocza EDGAR II szaro-czarna rozmiar 3XL (58) GTV HT5K284-1-3XL;1;szt;GTV;Bez kategorii
ADZ316D/HAG;1;ADZ316D/HAG;Wyłącznik różnicowoprądowy nadprądowy RCBO 3x1P+N B16 30mA 6kA Typ A Hager ADZ316D;1;szt;HAGER;Bez kategorii
WL4800/HAG;1;WL4800/HAG;Gniazdo zasilające lumina z uziemieniem USB-C 2,4A 12W IP20 białe Hager WL4800;1;szt;HAGER;Bez kategorii
SPE440S/HAG;1;SPE440S/HAG;Ogranicznik przepięć SPD T2 4P 4+0 TN-S In20kA Imax40kA Up1,35kV Hager SPE440S;1;szt;HAGER;Bez kategorii
713531/HLK;1;713531/HLK;Kabel fotowoltaiczny SOLARFLEX-X H1Z2Z2-K 1x6mm2 1m czarny Helukabel 713531;1;km;HELUKABEL;Bez kategorii
713569/HLK;1;713569/HLK;Kabel fotowoltaiczny SOLARFLEX-X H1Z2Z2-K 1x6mm2 1m czerwony Helukabel 713569;1;km;HELUKABEL;Bez kategorii
11024828/HLK;1;11024828/HLK;Gniazdo PV MC4 Evo 2 4-6mm2 1500V IP68 Helukabel 11024828;1;szt;HELUKABEL;Bez kategorii
11024829/HLK;1;11024829/HLK;Wtyk PV MC4 Evo 2 4-6mm2 1500V IP68 Helukabel 11024829;1;szt;HELUKABEL;Bez kategorii
28997/KAN;1;28997/KAN;Oprawa elewacyjna solarna LED REKA 6W 600lm 3000-6500K IP65 z czujnikiem mikrofalowym grafitowa Kanlux 28997;1;szt;KANLUX;Bez kategorii
45930/KAN;1;45930/KAN;Lampa ogrodowa kula STONO E27 200mm IP65 biała Kanlux 45930;1;szt;KANLUX;Bez kategorii
39740/KAN;1;39740/KAN;Plafoniera LED ENELO 10W 880lm 4000K IP44 biała Kanlux 39740;1;szt;KANLUX;Bez kategorii
ST057770/LAN;1;ST057770/LAN;Czujnik obecności i ruchu Steinel IS 2360-3 ECO 2000W biały ST057770;1;szt;LANGE ŁUKASZUK;Bez kategorii
ST081706/LAN;1;ST081706/LAN;Czujnik obecności i ruchu Steinel IS 2360-3 ECO 2000W czarny ST081706;1;szt;LANGE ŁUKASZUK;Bez kategorii
FL06381216/LAN;1;FL06381216/LAN;Zestaw wkrętaków elektrycznych FELO E-SMART SLIM 12 cz. VDE FL06381216;1;kpl;LANGE ŁUKASZUK;Bez kategorii
FL58095095/LAN;1;FL58095095/LAN;Zestaw szczypiec VDE FELO kombinerki 180mm obcinaczki boczne 160mm FL58095095;1;kpl;LANGE ŁUKASZUK;Bez kategorii
FL41792191/LAN;1;FL41792191/LAN;Zestaw wkrętaków FELO Ergonic VDE PlusMinus Z1/Z2 FL41792191;1;kpl;LANGE ŁUKASZUK;Bez kategorii
4058075763241/LDV;1;4058075763241/LDV;Lampa ogrodowa LED Smart+ WiFi RGBW USB 5W 270lm 3000K IP44 czarna Ledvance 4058075763241;1;szt;Ledvance;Bez kategorii
4099854487026/LDV;1;4099854487026/LDV;Naświetlacz LED Endura 20W 1800lm 4000K IP44 Ledvance 4099854487026;1;szt;Ledvance;Bez kategorii
4099854236792/LDV;1;4099854236792/LDV;Żarówka LED filament E27 z czujnikiem ruchu 7.3W 806lm 2700K Ledvance 4099854236792;1;szt;Ledvance;Bez kategorii
4099854725623/LDV;1;4099854725623/LDV;Oprawa hermetyczna LED Damp Proof Fit 18-31W 2800-4960lm 4000-6500K IP65 Ledvance 4099854725623;1;szt;Ledvance;Bez kategorii
MAA5016A11/MOR;1;MAA5016A11/MOR;Złączka uniwersalna OTL16-5x 5x1xAl/Cu 1,5-16mm2 1000VAC/1500VDC wielobarwna Morek MAA5016A11;1;szt;MOREK;Bez kategorii
MAA5050A10/MOR;1;MAA5050A10/MOR;Złączka uniwersalna OTL50-5x 5x1xAl/Cu 1,5-50mm2 1000VAC/1500VDC wielobarwna Morek MAA5050A10;1;szt;MOREK;Bez kategorii
MAA5095A10/MOR;1;MAA5095A10/MOR;Złączka uniwersalna OTL95-5x 5x1xAl/Cu 6-95mm2 1000VAC/1500VDC szara Morek MAA5095A10;1;szt;MOREK;Bez kategorii
MAG1251A00/MOR;1;MAG1251A00/MOR;Blok dystrybucyjny HLAK 25 1P 2xAl/Cu 25mm2+16mm2 1000VAC/1500VDC szary Morek MAG1251A00;1;szt;MOREK;Bez kategorii
MAG1251B00/MOR;1;MAG1251B00/MOR;Blok dystrybucyjny HLAK 25 1P 2xAl/Cu 25mm2+16mm2 1000VAC/1500VDC niebieski Morek MAG1251B00;1;szt;MOREK;Bez kategorii
MAG1251G00/MOR;1;MAG1251G00/MOR;Blok dystrybucyjny HLAK 25 1P 2xAl/Cu 25mm2+16mm2 1000VAC/1500VDC zielony Morek MAG1251G00;1;szt;MOREK;Bez kategorii
MAG5253ABG/MOR;1;MAG5253ABG/MOR;Blok dystrybucyjny HLAK 25 5P 2xAl/Cu 25mm2+16mm2 1000VAC/1500VDC szary niebieski zielony Morek MAG5253ABG;1;szt;MOREK;Bez kategorii
92501T48163/PCE;1;92501T48163/PCE;Przedłużacz bębnowy X-REEL 30m 4xGS16A IP20 PCE 92501T48163;1;szt;PCE;Bez kategorii
92501T48223/PCE;1;92501T48223/PCE;Przedłużacz bębnowy X-REEL 20m 4xGS16A IP20 PCE 92501T48223;1;szt;PCE;Bez kategorii
160815421W/PCE;1;160815421W/PCE;Gniazdo stałe COMBO-POL2 CEE 16A 5P 400V 2xGS16A Gniazdo stałe COMBO-POL2 160815421W PCE;1;szt;PCE;Bez kategorii
909110002W/PCE;1;909110002W/PCE;Rozdzielnica przenośna OPOLE CEE 16A 32A 4xGS16A Rozdzielnica OPOLE 909110002W PCE;1;szt;PCE;Bez kategorii
W-100518/PLST;1;W-100518/PLST;Przedłużacz bębnowy automatyczny 14+2m Plastrol W-100518;1;szt;Plastrol;Bez kategorii
W-00318/PLST;1;W-00318/PLST;Naświetlacz akumulatorowy LED KEL 40W 6500lm 4000mAh Plastrol W-00318;1;szt;Plastrol;Bez kategorii
W-00315/PLST;1;W-00315/PLST;Reflektor roboczy potrójny na statywie KEL 40W 3200lm Plastrol W-00315;1;szt;Plastrol;Bez kategorii
W-00354/PLST;1;W-00354/PLST;Listwa przepięciowa 6 gniazd 2P+Z USB-A USB Plastrol W-00354;1;szt;Plastrol;Bez kategorii
R-PCN18-27-XL2/RAW;1;R-PCN18-27-XL2/RAW;Osadzak akumulatorowy do betonu i stali 90J gwoździe 15-27mm Rawlplug R-PCN18-27-XL2;1;szt;RAWLPLUG;Bez kategorii
34117203/SIM;1;34117203/SIM;Puszka podtynkowa 128x65mm IP20 niebieska Simet 34117203;1;szt;SIMET;Bez kategorii
33069008/SIM;1;33069008/SIM;Puszka podtynkowa 65mm pomarańczowa Simet 33069008;1;szt;SIMET;Bez kategorii
32013203/SIM;1;32013203/SIM;Puszka do pustych ścian 68mm IP30 niebieska Simet 32013203;1;szt;SIMET;Bez kategorii