10x Żarówka Edo Fari GU10	publish	product_tag	10x-zarowka-edo-fari-gu10	5	Moc [W], Barwa światła	img:	sw:Moc [W], Barwa światła	dd:
6x Żarówka EDO MARI E27	publish	product_tag	6x-zarowka-edo-mari-e27	0	Moc [W], Barwa światła	img:	sw:Moc [W], Barwa światła	dd:
Adapter podtynkowy systemu 45 Ospel Aria	publish	product_tag	adapter-podtynkowy-systemu-45-ospel-aria	5	Wariant	img:Wariant	sw:	dd:
Automat schodowy natynkowy FF	publish	product_tag	automat-schodowy-natynkowy-ff	4	Maksymalny prąd obciążenia [A], Napięcie [V]	img:	sw:Maksymalny prąd obciążenia [A], Napięcie [V]	dd:
Automat zmierzchowy AWZ natynkowy FF	publish	product_tag	automat-zmierzchowy-awz-natynkowy-ff	2	Maksymalny prąd obciążenia [A]	img:	sw:Maksymalny prąd obciążenia [A]	dd:
Bank energii POWERBOX Kobi	publish	product_tag	bank-energii-powerbox-kobi	0	Moc [W]	img:	sw:Moc [W]	dd:
Baterie Alkaliczne AA Energizer	publish	product_tag	baterie-alkaliczne-aa-energizer	2	Sztuk w opakowaniu	img:Wariant	sw:Sztuk w opakowaniu	dd:
Baterie Alkaliczne AAA Energizer	publish	product_tag	baterie-alkaliczne-aaa-energizer	2	Sztuk w opakowaniu	img:Wariant	sw:Sztuk w opakowaniu	dd:
Bednarka cynkmal	publish	product_tag	bednarka-cynkmal	4	Wymiary [mm], Długość	img:	sw:Wymiary [mm]	dd:Długość
Belka led CYNIDECO Brolux	publish	product_tag	belka-led-cynideco-brolux	1	Wariant	img:Wariant	sw:	dd:
BLINGO prostokatny montaz	publish	product_tag	blingo-prostokatny-montaz	2	Sposób montażu	img:	sw:Sposób montażu	dd:
Ceownik BAKS	publish	product_tag	ceownik-baks	5	Długość, Szerokość, Wysokość	img:	sw:Długość, Szerokość, Wysokość	dd:
Czujnik dymu Zamel	publish	product_tag	czujnik-dymu-zamel	1	Wariant	img:Wariant	sw:	dd:
Czujnik gazu Zamel	publish	product_tag	czujnik-gazu-zamel	2	Wariant	img:Wariant	sw:	dd:
Czujnik ruchu 1200W 180° Bemko	publish	product_tag	czujnik-ruchu-1200w-180-bemko	2	Kolor	img:Kolor	sw:	dd:
Czujnik ruchu 800W 180° Bemko	publish	product_tag	czujnik-ruchu-800w-180-bemko	2	Kolor	img:Kolor	sw:	dd:
Czujnik ruchu FF	publish	product_tag	czujnik-ruchu-ff	4	Sposób montażu, Stopień ochrony [IP]	img:	sw:Sposób montażu, Stopień ochrony [IP]	dd:
Czujnik ruchu Kanlux	publish	product_tag	czujnik-ruchu-kanlux	5	Wariant	img:Wariant	sw:	dd:
Czujnik ruchu Ospel Aria	publish	product_tag	czujnik-ruchu-ospel-aria	0	Wariant	img:Wariant	sw:	dd:
Czujnik ruchu Ospel Impresja	publish	product_tag	czujnik-ruchu-ospel-impresja	0	Wariant	img:Wariant	sw:	dd:
czujniki czadu i gazu	publish	product_tag	czujniki-czadu-i-gazu	3	Wariant	img:Wariant	sw:	dd:
Drabinka kablowa cynkowana Baks	publish	product_tag	drabinka-kablowa-cynkowana-baks	7	Szerokość, Wysokość	img:	sw:Szerokość, Wysokość	dd:
Dwukanałowy sterownik FF	publish	product_tag	dwukanalowy-sterownik-ff	2	Sposób montażu	img:	sw:Sposób montażu	dd:
Dzwonek BIM-BAM GONG ZAMEL	publish	product_tag	dzwonek-bim-bam-gong-zamel	2	Kolor	img:Kolor	sw:	dd:
EDO osmin RIM	publish	product_tag	edo-osmin-rim	5	Wariant	img:Wariant	sw:	dd:
Energizer CR	publish	product_tag	energizer-cr	7	Rodzaj baterii	img:	sw:	dd:Rodzaj baterii
Energizer MAX AA	publish	product_tag	energizer-max-aa	2	Sztuk w opakowaniu	img:	sw:Sztuk w opakowaniu	dd:
Energizer MAX AAA	publish	product_tag	energizer-max-aaa	2	Sztuk w opakowaniu	img:	sw:Sztuk w opakowaniu	dd:
Falownik trójfazowy FoxESS	publish	product_tag	falownik-trojfazowy-foxess	0	Maksymalna moc DC [W]	img:	sw:Maksymalna moc DC [W]	dd:
Girlanda ogrodowa EDO	publish	product_tag	girlanda-ogrodowa-edo	3	Długość	img:	sw:Długość	dd:
Gniazdo cedar	publish	product_tag	gniazdo-cedar	2	Liczba gniazd	img:Liczba gniazd	sw:	dd:
Gniazdo głośnikowe Ospel As	publish	product_tag	gniazdo-glosnikowe-ospel-as	0	Wariant	img:Wariant	sw:	dd:
Gniazdo hermetyczne Ospel As	publish	product_tag	gniazdo-hermetyczne-ospel-as	1	Wariant	img:Wariant	sw:	dd:
Gniazdo natynkowe Ospel Bis	publish	product_tag	gniazdo-natynkowe-ospel-bis	0	Wariant	img:Wariant	sw:	dd:
Gniazdo podwójne hermes	publish	product_tag	gniazdo-podwojne-hermes	3	Kolor producenta	img:Kolor producenta	sw:	dd:
Gniazdo podwójne natynkowe AQUANT	publish	product_tag	gniazdo-podwojne-natynkowe-aquant	4	Stopień ochrony [IP], Kolor	img:Kolor	sw:Stopień ochrony [IP]	dd:
Gniazdo pojedyncze hermes	publish	product_tag	gniazdo-pojedyncze-hermes	3	Kolor producenta	img:Kolor producenta	sw:	dd:
Gniazdo pojedyncze natynkowe AQUANT	publish	product_tag	gniazdo-pojedyncze-natynkowe-aquant	4	Stopień ochrony [IP], Kolor	img:Kolor	sw:Stopień ochrony [IP]	dd:
Gniazdo pojedyncze podtynkowe AQUANT	publish	product_tag	gniazdo-pojedyncze-podtynkowe-aquant	2	Kolor	img:Kolor	sw:	dd:
Gniazdo potrójne hermes	publish	product_tag	gniazdo-potrojne-hermes	3	Kolor producenta	img:Kolor producenta	sw:	dd:
Gniazdo potrójne natynkowe AQUANT	publish	product_tag	gniazdo-potrojne-natynkowe-aquant	2	Kolor	img:Kolor	sw:	dd:
Gniazdo przenośne 16A PCE	publish	product_tag	gniazdo-przenosne-16a-pce	3	Liczba biegunów	img:	sw:Liczba biegunów	dd:
Gniazdo przenośne 32A/63A PCE	publish	product_tag	gniazdo-przenosne-32a-63a-pce	2	Liczba biegunów	img:	sw:Liczba biegunów	dd:
Gniazdo stałe niebieskie PCE	publish	product_tag	gniazdo-stale-niebieskie-pce	2	Prąd znamionowy [A]	img:	sw:Prąd znamionowy [A]	dd:
Gniazdo stałe PCE	publish	product_tag	gniazdo-stale-pce	4	Liczba biegunów, Prąd znamionowy [A]	img:	sw:Liczba biegunów, Prąd znamionowy [A]	dd:
Gniazdo tablicowe skośne PCE	publish	product_tag	gniazdo-tablicowe-skosne-pce	2	Prąd znamionowy [A]	img:	sw:Prąd znamionowy [A]	dd:
Gniazdo teleinformatyczne Ospel As	publish	product_tag	gniazdo-teleinformatyczne-ospel-as	0	Wariant	img:Wariant	sw:	dd:
gniazdo TGZ1ZUSB2CA01	publish	product_tag	gniazdo-tgz1zusb2ca01	3	Kolor	img:Kolor	sw:	dd:
Gniazdo USB CA Simon 54	publish	product_tag	gniazdo-usb-ca-simon-54	4	Liczba gniazd, Kolor	img:Kolor	sw:	dd:
Gniazdo USB Simon 10	publish	product_tag	gniazdo-usb-simon-10	2	Liczba gniazd, Kolor	img:Kolor	sw:	dd:
Gniazdo wtyczkowe Simon 54	publish	product_tag	gniazdo-wtyczkowe-simon-54	19	Rodzaj gniazda, Stopień ochrony [IP], Kolor producenta	img:Kolor producenta	sw:	dd:
Gniazdo wtyczkowe z przesłonami Simon 54	publish	product_tag	gniazdo-wtyczkowe-z-przeslonami-simon-54	6	Uziemienie, Rodzaj gniazda, Kolor	img:Kolor, Kolor producenta	sw:	dd:
Hager różnicowoprądowy	publish	product_tag	hager-roznicowopradowy	12	Liczba biegunów, Typ wyłącznika, Prąd znamionowy [A]	img:	sw:Liczba biegunów, Typ wyłącznika, Prąd znamionowy [A]	dd:
hager stycznik	publish	product_tag	hager-stycznik	2	Liczba biegunów	img:	sw:Liczba biegunów, Prąd znamionowy [A]	dd:
High Bay PRO Linear Lowbays 110 VTAC	publish	product_tag	high-bay-pro-linear-lowbays-110-vtac	0	Moc [W], Barwa światła	img:	sw:Moc [W], Barwa światła	dd:
High Bay PRO Linear Lowbays 120 VTAC	publish	product_tag	high-bay-pro-linear-lowbays-120-vtac	0	Moc [W], Barwa światła	img:	sw:Moc [W], Barwa światła	dd:
High Bay PRO UFO Series 90 VTAC	publish	product_tag	high-bay-pro-ufo-series-90-vtac	0	Moc [W], Barwa światła	img:	sw:Moc [W], Barwa światła	dd:
High Bay PRO UFO Series MW 120 NEW VTAC	publish	product_tag	high-bay-pro-ufo-series-mw-120-new-vtac	0	Moc [W], Barwa światła	img:	sw:Moc [W], Barwa światła	dd:
High Bay PRO UFO Series MW 120 VTAC	publish	product_tag	high-bay-pro-ufo-series-mw-120-vtac	2	Moc [W], Barwa światła	img:	sw:Moc [W], Barwa światła	dd:
High Bay PRO UFO Series MW 90 VTAC	publish	product_tag	high-bay-pro-ufo-series-mw-90-vtac	0	Moc [W], Barwa światła	img:	sw:Moc [W], Barwa światła	dd:
High Bay Reflector Highbay MW 180 LM VTAC	publish	product_tag	high-bay-reflector-highbay-mw-180-lm-vtac	1	Moc [W], Barwa światła	img:	sw:Moc [W], Barwa światła	dd:
High Bay Reflector Highbay SM 120 LM VTAC	publish	product_tag	high-bay-reflector-highbay-sm-120-lm-vtac	0	Barwa światła, Kąt świecenia [°]	img:	sw:Barwa światła, Kąt świecenia [°]	dd:
High Bay Reflector Highbay SM 160 LM VTAC	publish	product_tag	high-bay-reflector-highbay-sm-160-lm-vtac	1	Barwa światła	img:	sw:Barwa światła	dd:
High Bay Reflector Highbay SM 180 LM VTAC	publish	product_tag	high-bay-reflector-highbay-sm-180-lm-vtac	0	Barwa światła	img:	sw:Barwa światła	dd:
HIGHBAY VOYAGER Bemko	publish	product_tag	highbay-voyager-bemko	3	Moc [W]	img:	sw:Moc [W]	dd:
Kabel bezhalogenowy N2XH J	publish	product_tag	kabel-bezhalogenowy-n2xh-j	7	Liczba żył, Przekrój żyły [mm]	img:	sw:Liczba żył, Przekrój żyły [mm]	dd:
Kabel energetyczny ziemny YKY	publish	product_tag	kabel-energetyczny-ziemny-yky	15	Liczba żył, Przekrój żyły [mm]	img:	sw:Liczba żył, Przekrój żyły [mm]	dd:
Kabel LGY H07V K 500V	publish	product_tag	kabel-lgy-h07v-k-500v	11	Przekrój żyły [mm], Kolor, Długość	img:	sw:Przekrój żyły [mm], Kolor, Długość	dd:
Kabel LGY H07V‑K 500V	publish	product_tag	kabel-lgy-h07vk-500v	-	Kolor, Przekrój żyły [mm]	img:	sw:Kolor, Przekrój żyły [mm]	dd:
Kabel LGY H07V‑K 750V	publish	product_tag	kabel-lgy-h07v-k-750v	24	Długość, Kolor, Przekrój żyły [mm]	img:	sw:Długość, Kolor, Przekrój żyły [mm]	dd:
Kinkiet EDO VIRA	publish	product_tag	kinkiet-edo-vira	3	Wariant	img:Wariant	sw:	dd:
Kinkiet ogrodowy ZAMBA GORI	publish	product_tag	kinkiet-ogrodowy-zamba-gori	2	Liczba źródeł światła, Kolor	img:Kolor	sw:Liczba źródeł światła	dd:
Kinkiet ścienny EDO MIKI-MAKA	publish	product_tag	kinkiet-scienny-edo-miki-maka	1	Wariant	img:Wariant	sw:	dd:
Kinkiet ścienny EDO MILI	publish	product_tag	kinkiet-scienny-edo-mili	2	Wariant	img:Wariant	sw:	dd:
Kolanko korytka Baks	publish	product_tag	kolanko-korytka-baks	7	Szerokość, Wysokość	img:	sw:Szerokość, Wysokość	dd:
Kolor - Simon	publish	product_tag	gniazdo-socket-simon55,gniazdo-podwojne-usb-30-simon55,gniazdo-usb-30-simon55,gniazdo-hdmi-rj45-simon55,gniazdo-podwojne-skosne-simon55,gniazdo-podwojne-skosne-przeslony-simon55,gniazdo-usb-ca-simon55,gniazdo-hdmi-pojedyncze-simon55,gniazdo-socket-schuko-simon55,plytka-kontakt-simon-kb80,plytka-kontakt-simon-kb080,plytka-kontakt-simon-kb76,plytka-kontakt-simon-kb076,plytka-kontakt-simon-k76,plytka-kontakt-simon-ka76,plytka-kontakt-simon-k128b,plytka-kontakt-simon-k129b,plytka-kontakt-simon-k080,plytka-kontakt-simon-k100,plytka-kontakt-simon-k076,gniazdo-simon-connect-k22,pokrywa-magnetyczna-do-gniazda-simon-400,pokrywa-magnetyczna-do-ladowarki-usb-simon-400,ladowarka-meblowa-typu-usb-2-simon-400,gniazdo-meblowe-z-uziemieniem-simon-400,ladowarka-meblowa-typu-usb-simon-400,simon-go-nadajnik-bateryjny,kontroler-przyciskowy-simon-55-go,sciemniacz-do-paskow-rgbw-simon-go,sciemniacz-do-paskow-led-owych-simon-go,sciemniacz-do-led-sciemnialnych-simon-go,sterownik-przyciskowy-oswietleniowy-2-wyjscia-simon-go,sterownik-przyciskowy-oswietleniowy-1-wyjscie-simon-go,sciemniacz-do-led-sciemnialnych-simon-55,termostat-programowalny-simon-55,wieszak-pojedynczy-simon-55,zaslepka-otworu-wtyku-rj45-simon-55,zaslepka-ramki-lapki-simon-55,ladowarka-usb-ca-simon-55,sciemniacz-obrotowy-do-led-sciemnialnych-simon-55,ramka-3-krotna-line-simon-55,ramka-4-krotna-line-simon-55,ramka-5-krotna-line-simon-55,sygnalizator-czerwony-simon-55,sygnalizator-zielony-simon-55,przycisk-dzwonek-z-podswietleniem-simon-55,przycisk-swiatlo-simon-55,puszka-natynkowa-1-krotna-simon-55,puszka-natynkowa-2-krotna-simon-55,puszka-natynkowa-3-krotna-simon-55,puszka-natynkowa-line-duo-simon-55,puszka-natynkowa-narozna-2-krotna-simon-55,puszka-natynkowa-skladana-simon-55,gniazdo-antenowe-r-tv-sat-koncowe-simon-55,gniazdo-antenowe-r-tv-sat-przelotowe-7-db-simon-55,sterownik-do-rolet-simon-go,zaslepka-simon-54,zaslepka-do-gniazd-glosnikowych-simon-54,zaslepka-bez-mostka-simon-54,termostat-z-oprogramowaniem-simon-54,sciemniacz-zdalnie-sterowany-simon-54,sciemniacz-simon-54,sygnalizator-swietlny-led-zielone-simon-54,sciemniacz-do-led-simon-54,sygnalizator-swietlny-led-czerwone-simon-54,sygnalizator-swietlny-led-biale-simon-54,regulator-temperatury-z-wyswietlaczem-simon-54,regulator-temperatury-sonda2-simon-54,regulator-temperatury-sonda-simon-54,regulator-temperatury-simon-54,regulator-temperatury-1-10-v-simon-54,przylacze-kabla-simon-54,przycisk-zaluzjowy-z-wielu-miejsc-simon-54,przycisk-zaluzjowy-modul-simon-54,przycisk-rozwierny-simon-54,pokrywa-do-gniazda-dkp2s-01-simon-54,pokrywa-do-gniazda-dkp2b-01-trans-simon-54,pokrywa-do-gniazda-dkp2-01-simon-54,pokrywa-do-gniazda-dkp1s-01-simon-54,pokrywa-do-gniazda-dgz2mzp-simon-54,pokrywa-do-gniazda-dgz2mznp-simon-54,pokrywa-do-gniazda-dgz1zp-simon-54,pokrywa-do-gniazda-dgz1buzp-trans-simon-54,pokrywa-do-gniazda-dgd1p-simon-54,pierscien-dekoracyjny-simon-54,oprawa-oswietleniowa-z-czujnikiem-ruchu-5k9-simon-54,oprawa-oswietleniowa-z-czujnikiem-ruchu-5k9-bz-simon-54,oprawa-oswietleniowa-z-czujnikiem-ruchu-4k-simon-54,oprawa-oswietleniowa-z-czujnikiem-ruchu-4k-bz-simon-54,oprawa-oswietleniowa-z-czujnikiem-ruchu-3k1-simon-54,oprawa-oswietleniowa-z-czujnikiem-ruchu-3k1-bz-simon-54,oprawa-oswietleniowa-5k9-simon-54,oprawa-oswietleniowa-5k9-bz-simon-54,oprawa-oswietleniowa-4k-simon-54,oprawa-oswietleniowa-4k-bz-simon-54,oprawa-oswietleniowa-3k1-simon-54,oprawa-oswietleniowa-3k1-bz-simon-54,lacznik-zaluzjowy-simon-54,lacznik-zdalnie-sterowany-z-przekaznikiem-modul-simon-54,lacznik-z-opoznieniem-wylaczenia-z-przekaznikiem-simon-54,lacznik-z-opoznieniem-wylaczenia-simon-54,lacznik-z-czujnikiem-z-przekaznikiem-z-zabezpieczeniem-simon-54,lacznik-z-czujnikiem-z-przekaznikiem-simon-54,lacznik-z-czujnikiem-simon-54,lacznik-na-kluczyk-simon-54,lacznik-na-kluczyk-roletowy-chwilowy-simon-54,lacznik-na-kluczyk-chwilowy-simon-54,lacznik-na-kluczyk-3-pozycyjny-simon-54,lacznik-jednobiegunowy-z-sygnalizacja-simon-54,lokalny-sterownik-roletowy-simon-54,klawisze-zo-sw6-2xlm-sw7-2xm-sw6p1m-simon-54,klawisze-zo-sw1m-sw6m-sw7m-sp1m-simon-54,klawisze-z-piktogramem-klucza-simon-54,klawisze-z-oczkiem-do-mechanizmow-sw5m-sp2m-simon-54,klawisze-szw1km-simon-54,klawisze-szp1wm-simon-54,klawisze-szp1m-simon-54,klawisze-sw6-2xlm-sw7-2xm-sw6p1m-simon-54,klawisze-sw6-2m-simon-54,klawisze-sw5m-sp2m-simon-54,klawisze-sw1m-sw6m-sw7m-sp1m-simon-54,grupowy-sterownik-roletowy-simon-54,gniazdo-wtyczkowe-z-funkcja-niezmiennosci-faz-simon-54,gniazdo-wtyczkowe-z-funkcja-niezmiennosci-faz-2-simon-54,gniazdo-wtyczkowe-ip44-z-uszczelka-simon-54,gniazdo-wtyczkowe-klapka-transparentna-zu-simon-54,gniazdo-wtyczkowe-klapka-transparentna-simon-54,gniazdo-usb-modul-simon-54,gniazdo-schuko-sz-simon-54,gniazdo-podwojne-schuko-podtynkowe-simon-54,gniazdo-podwojne-schuko-podtynkowe-2-simon-54,gniazdo-podwojne-schuko-natynkowe-simon-54,gniazdo-podwojne-schuko-natynkowe-3-simon-54,gniazdo-podwojne-schuko-natynkowe-2-simon-54,gniazdo-poczworne-schuko-sz-simon-54,gniazdo-poczworne-schuko-sr-simon-54,gniazdo-komputerowe-5e-simon-54,gniazdo-hdmi-rj45-simon-54,gniazdo-glosnikowe-modul-simon-54,gniazdo-data-z-kluczem-uprawniajacym-simon-54,gniazdo-antenowe-tv-data-simon-54,gniazdo-antenowe-r-tv-sat-przelotowe-simon-54,gniazdo-antenowe-r-tv-data-simon-54,gniazdo-antenowe-r-tv-przelotowe-simon-54,gniazdo-antenowe-r-tv-koncowe-separowane-simon-54,gniazdo-antenowe-f-rj45-simon-54,gniazdo-antenowe-r-tv-zakonczeniowe-simon-54,glosnik-simon-54,elektroniczny-lacznik-simon-54,dzwonek-simon-54,dzwonek-2-simon-54,bluetooth-simon-54,adapter-simon-54,gniazdo-wtyczkowe-ip44-z-uszczelka-z-przeslonami-simon-10,gniazdo-wtyczkowe-ip44-bez-uszczelki-simon-10,gniazdo-wtyczkowe-ip44-simon-10,gniazdo-wtyczkowe-z-uziemieniem-simon-10,gniazdo-wtyczkowe-schuko-do-wersji-ip44-simon-10,gniazdo-wtyczkowe-schuko-simon-10,klawisz-simon-10,cgz2t-simon-10,cgz2tz-simon-10,cgz2-simon-10,cgz1cz-01-simon-10,ckw1l-simon-10,ckw5-simon-10,cs9la-01-simon-10,cw1c-01-simon-10,cd1c-01-simon-10,cs1c-01-simon-10,c6t-01-simon-10,cg2-simon-10,cgz1bcuz-01-simon-10,cgsz1bz-01-simon-10,cgsz2-simon-10,cgsz1z-01-simon-10,c5t-01-simon-10,cgl2-01-simon-10,cgsz1-01-simon-10,cgsz1b-01-simon-10,cgz1bcz-01-simon-10,cgz1c-01-simon-10,cgz2mz-01-simon-10,cpk1-01-simon-10,csc-simon-10,csh-simon-10,cgz1bc-01-simon-10,cad1-01-simon-10,cadsatf-01-simon-10,caz-01-simon-10,cad-01-simon-10,cak2f-01-simon-10,czw1-01-simon-10,czp1-01-simon-10,cps-01-simon-10,ckp2-01-simon-10,cgz2m-01-simon-10,cgd1-01-simon-10,cg2m-01-simon-10,cg1-01-simon-10,casp-01-simon-10,casfrj455-01-simon-10,wyjscie-kablowe-6-55-simon,ramka-1-krotna-line-55-simon,ramka-2-krotna-line-55-simon,pokrywa-gniazda-wtyczkowego-pojedynczego-trans-55-simon,pokrywa-gniazda-wtyczkowego-pojedynczego-kolor-55-simon,pokrywa-gniazda-wtyczkowego-pojedynczego-z-kluczem-55-simon,przeslonki-do-czujnika-ruchu-tecr1-55-simon,przycisk-poczworny-55-simon,przycisk-podwojny-zwierny-bez-piktogramu-55-simon,przycisk-podwojny-zwierny-bez-piktogramu-osobne-55-simon,przycisk-pojedynczy-rozwierny-bez-piktogramu-55-simon,przycisk-pojedynczy-zwierny-bez-piktogramu-55-simon,przycisk-pojedynczy-zwierny-z-podswietleniem-led-55-simon,przycisk-potrojny-55-simon,przycisk-potrojny-z-podswietleniem-led-55-simon,przycisk-zaluzjowy-pojedynczy-55-simon,przycisk-zaluzjowy-podwojny-trojpozycyjny-55-simon,przycisk-dzwonek-55-simon,oprawa-oswietleniowa-led-14-v-042-w-55-simon,oprawa-oswietleniowa-led-14-v-056-w-55-simon,oprawa-oswietleniowa-led-14-v-z-czujnikiem-ruchu-064-w-55-simon,oprawa-oswietleniowa-led-14-v-z-czujnikiem-ruchu-062-w-55-simon,oprawa-oswietleniowa-led-14-v-z-czujnikiem-ruchu-078-w-55-simon,oprawa-oswietleniowa-led-230-v-09-w-55-simon,oprawa-oswietleniowa-led-230-v-093-w-55-simon,oprawa-oswietleniowa-led-230-v-11-w-55-simon,oprawa-oswietleniowa-led-230-v-z-czujnikiem-ruchu-123-w-55-simon,pokrywa-gniazd-teleinformatycznych-na-keystone-plaska-podwojna-55-simon,oprawa-oswietleniowa-led-z-czujnikiem-ruchu-12-w-55-simon,pokrywa-gniazd-teleinformatycznych-na-keystone-55-simon,pokrywa-gniazda-wtyczkowego-podwojnego-do-sgz2cm-55-simon,pokrywa-gniazda-wtyczkowego-pojedynczego-do-2-55-simon,lacznik-na-kluczyk-roletowy-jednobiegunowy-55-simon,lacznik-potrojny-55-simon,lacznik-potrojny-z-podswietleniem-led-55-simon,lacznik-zaluzjowy-podwojny-trojpozycyjny-55-simon,lacznik-zaluzjowy-pojedynczy-trojpozycyjny-55-simon,lacznik-schodowy-pojedynczy-10-a-55-simon,lacznik-schodowy-bez-piktogramu-55-simon,lacznik-schodowy-podwojny-55-simon,lacznik-schodowy-podwojny-bez-piktogramu-55-simon,lacznik-schodowy-podwojny-z-podswietleniem-55-simon,lacznik-schodowy-podwojny-z-podswietleniem-bez-piktogramu-55-simon,lacznik-schodowy-z-podswietleniem-bez-pi-led-55-simon,lacznik-jednobiegunowy-podwojny-55-simon,lacznik-swiecznikowy-z-podswietleniem-led-55-simon,lacznik-przycisk-roletowy-podwojny-55-simon,oprawa-oswietleniowa-led-14-v-55-simon,lacznik-hotelowy-elektroniczny-z-podswietleniem-led-55-simon,lacznik-jednobiegunowy-55-simon,lacznik-jednobiegunowy-lacznik-dwubiegunowy-2-klawisze-55-simon,lacznik-jednobiegunowy-przycisk-zwierny-2-klawisze-55-simon,lacznik-jednobiegunowy-z-podswietleniem-led-55-simon,lacznik-jednobiegunowy-z-sygnalizacja-zalaczenia-55-simon,lacznik-krzyzowy-55-simon,lacznik-krzyzowy-bez-piktogramu-55-simon,lacznik-krzyzowy-podwojny-55-simon,lacznik-krzyzowy-podwojny-bez-piktogramu-55-simon,lacznik-krzyzowy-podwojny-z-podswietleniem-55-simon,lacznik-krzyzowy-podwojny-z-podswietleniem-bez-piktogramu-55-simon,lacznik-krzyzowy-z-podswietleniem-led-schody-55-simon,lacznik-krzyzowy-z-podswietleniem-led-55-simon,lacznik-na-kluczyk-chwilowy-przycisk-2-pozycyjny-55-simon,lacznik-na-kluczyk-jednobiegunowy-2-pozycyjny-55-simon,lacznik-na-kluczyk-roletowy-chwilowy-przycisk-3-pozycyjny-55-simon,klawisz-pojedynczy-z-piktogramem-rolety-pojedynczej-55-simon,klawisz-pojedynczy-z-piktogramem-klucz-55-simon,klawisz-polowkowy-bez-piktogramu-do-produktow-55-simon,klawisz-polowkowy-lewostronny-z-piktogramem-55-simon,klawisz-polowkowy-personalizowany-z-mozliwoscia-nadruku-55-simon,klawisz-polowkowy-prawostronny-z-piktogramem-55-simon,klawisz-polowkowy-z-piktogramem-grupy-rolet-55-simon,klawisz-polowkowy-z-piktogramem-pojedynczej-rolety-55-simon,lokalny-sterownik-roletowy-z-automatyczna-kalibracja-55-simon,ladowarka-usb-typu-ca-quick-charge-55-simon,lacznik-dwubiegunowy-10-ax-55-simon,lacznik-dwubiegunowy-podwojny-16-ax-55-simon,lacznik-dwubiegunowy-z-podswietleniem-led-10-ax-55-simon,lacznik-elektroniczny-4-krotny-z-funkcja-przycisku-55-simon,lacznik-elektroniczny-podwojny-z-funcja-przycisku-55-simon,lacznik-elektroniczny-pojedynczy-z-funcja-przycisku-55-simon,klawisz-podwojny-z-piktogramami-schody-dosw6-2wm-55-simon,klawisz-podwojny-z-piktogramami-krzyzowymi-do-2s-55-simon,klawisz-pojedynczy-bez-piktogramu-do-produktow-55-simon,klawisz-pojedynczy-do-lacznika-i-przycisku-roletowego-2-55-simon,klawisz-pojedynczy-do-4s-55-simon,klawisz-pojedynczy-z-oczkiem-do-4-55-simon,klawisz-pojedynczy-z-oczkiem-z-piktogramem-schody-do-sw6m-55-simon,klawisz-pojedynczy-z-oczkiem-z-piktogramem-krzyzowym-do-sw7m-55-simon,klawisz-pojedynczy-z-oczkiem-z-piktogramem-swiatlo-sp1m-55-simon,klawisz-pojedynczy-z-piktogramem-dzwonek-do-sp1m-55-simon,klawisz-pojedynczy-z-piktogramem-schody-do-sw6m-55-simon,klawisz-pojedynczy-z-piktogramem-swiatlo-do-sp1m-55-simon,klawisz-pojedynczy-z-piktogramem-grupy-rolet-55-simon,klawisz-pojedynczy-z-piktogramem-krzyzowym-do-sw7m-55-simon,gniazdo-wtyczkowe-podwojne-bez-uziemienia-z-przeslonami-55-simon,gniazdo-wtyczkowe-podwojne-do-wersji-ip44-z-uszczelka-55-simon,gniazdo-wtyczkowe-podwojne-do-wersji-ip44-z-uszczelka-transp-55-simon,gniazdo-wtyczkowe-podwojne-z-uziemieniem-z-przeslonami-55-simon,gniazdo-wtyczkowe-pojedyncze-z-uziemieniem-i-przeslonami-55-simon,gniazdo-wtyczkowe-z-zintegrowana-ladowarka-55-simon,grupowy-sterownik-roletowy-55-simon,klawisz-1-4-bez-piktogramu-55-simon,klawisz-1-4-personalizowany-55-simon,klawisz-podwojny-do-lacznika-i-przycisku-roletowego-55-simon,klawisz-podwojny-do-sw5m-sp2m-55-simon,klawisz-podwojny-do-sw6-sw7-55-simon,klawisz-podwojny-do-2-55-simon,klawisz-podwojny-z-oczkami-do-3-55-simon,klawisz-podwojny-z-oczkami-do-sw6-2l2m-55-simon,klawisz-podwojny-z-oczkami-z-piktogramami-krzyzowymi-55-simon,gniazdo-komputerowe-podwojne-rj45-kategoria-6-ekranowane-55-simon,gniazdo-komputerowe-pojedyncze-rj45-kategoria-6-55-simon,gniazdo-komputerowe-pojedyncze-rj45-kategoria-6-ekranowane-55-simon,gniazdo-komputerowe-rj45-kategoria-5e-telefoniczne-rj12-55-simon,gniazdo-schuko-do-wersji-ip44-z-przeslonami-z-uszczelka-ramki-55-simon,gniazdo-schuko-do-wersji-ip44-z-przeslonami-z-uszczelka-trans-55-simon,gniazdo-schuko-z-przeslonami-55-simon,gniazdo-schuko-z-przeslonami-podwojne-55-simon,gniazdo-schuko-z-zintegrowana-ladowarka-55-simon,gniazdo-swiatlowodowe-optyczne-podwojne-55-simon,gniazdo-swiatlowodowe-optyczne-pojedyncze-55-simon,gniazdo-telefoniczne-podwojne-rj12-55-simon,gniazdo-telefoniczne-pojedyncze-rj12-55-simon,gniazdo-wtyczkowe-do-wersji-ip44-bez-uszczelki-55-simon,gniazdo-wtyczkowe-do-wersji-ip44-bez-uszczelki-transp-55-simon,gniazdo-wtyczkowe-do-wersji-ip44-z-uszczelka-55-simon,gniazdo-wtyczkowe-do-wersji-ip44-z-uszczelka-transp-55-simon,gniazdo-antenowe-satelitarne-podwojne-sat-sat-rtv-55-simon,gniazdo-antenowe-tv-pojedyncze-55-simon,gniazdo-antenowe-typu-f-rj45-55-simon,gniazdo-antenowe-typu-f-podwojne-55-simon,gniazdo-antenowe-typu-f-pojedyncze-55-simon,gniazdo-data-z-kluczem-uprawniajacym-55-simon,gniazdo-ekwipotencjalne-podwojne-55-simon,gniazdo-ekwipotencjalne-pojedyncze-55-simon,gniazdo-glosnikowe-1-krotne-55-simon,gniazdo-glosnikowe-2-krotne-55-simon,gniazdo-glosnikowe-4-krotne-55-simon,gniazdo-glosnikowe-pojedyncze-55-simon,gniazdo-hdmi-55-simon,gniazdo-hdmi-rj45-55-simon,gniazdo-hdmi-podwojne-55-simon,gniazdo-komputerowe-podwojne-rj45-kategoria-6-55-simon,gniazdo-komputerowe-podwojne-rj45-ekranowane-55-simon,adapter-przejsciowka-na-osprzet-55-simon,czujnik-ruchu-z-przekaznikiem-55-simon,gniazdko-wtyczkowe-bez-uziemienia-z-przeslonami-55-simon,gniazdo-antenowe-r-tv-koncowe-separowane-55-simon,gniazdo-antenowe-r-tv-przelotowe-10-db-simon-55,gniazdo-antenowe-r-tv-zakonczeniowe-10-db-simon-55,ramka-2-krotna-szklo-nature-simon-55,gniazdo-hdmi-podwojne-simon55,przycisk-swiatlo-z-podswietleniem-simon-55	-	Kolor	img:Kolor	sw:	dd:
Kolor producenta - Simon	publish	product_tag	ramka-5-krotna-simon-54,ramka-gk-4-simon-54,ramka-4-krotna-simon-54,ramka-gk-3-simon-54,ramka-3-krotna-simon-54,ramka-gk-2-simon-54,ramka-2-krotna-simon-54,ramka-gk-1-simon-54,ramka-1-krotna-simon-54,gniazdo-antenowe-rtv-simon-54,ramka-2-krotna-inox-55-simon,ramka-2-krotna-nature-drewno-55-simon,ramka-2-krotna-duo-55-simon,ramka-1-krotna-nature-szklo-55-simon,ramka-1-krotna-nature-drewno-55-simon,ramka-1-krotna-inox-55-simon,ramka-1-krotna-duo-55-simon,ramka-5-krotna-nature-szklo-55-simon,ramka-5-krotna-nature-inox-55-simon,ramka-5-krotna-nature-drewno-55-simon,ramka-5-krotna-duo-55-simon,ramka-4-krotna-nature-szklo-55-simon,ramka-4-krotna-nature-drewno-55-simon,ramka-4-krotna-nature-inox-55-simon,ramka-4-krotna-duo-55-simon,ramka-3-krotna-nature-szklo-55-simon,ramka-3-krotna-nature-inox-55-simon,ramka-3-krotna-nature-drewno-55-simon,ramka-3-krotna-duo-simon-55,ramka-2-krotna-szklo-nature-simon-55	-	Kolor producenta	img:Kolor producenta	sw:	dd:
Kolor producenta, Podświetlenie - Simon	publish	product_tag	przycisk-swiatlo-simon-54,przycisk-swiatlo-modul-simon-54,przycisk-dzwonek-simon-54,przycisk-a-simon-54	-	Podświetlenie, Kolor producenta	img:Kolor producenta	sw:	dd:
Kolor, Podświetlenie - Simon	publish	product_tag	przycisk-dzwonek-modul-simon-54,przycisk-dzwonek-simon-10,przycisk-swiatlo-simon-10	-	Podświetlenie, Kolor	img:Kolor	sw:	dd:
Korytko kablowe Baks	publish	product_tag	korytko-kablowe-baks	7	Długość, Szerokość	img:	sw:Długość, Szerokość	dd:
Kotwa	publish	product_tag	kotwa	2	Wysokość	img:	sw:Wysokość	dd:
Kula ogrodowa GARDEN BALL Kobi	publish	product_tag	kula-ogrodowa-garden-ball-kobi	3	Wariant	img:Wariant	sw:	dd:
Kurtyna LED NANO EMOS	publish	product_tag	kurtyna-led-nano-emos	1	Ilość lampek	img:	sw:Ilość lampek	dd:
Lampa EDO ARANEA	publish	product_tag	lampa-edo-aranea	3	Wariant	img:Wariant	sw:	dd:
Lampa EDO VESPER	publish	product_tag	lampa-edo-vesper	1	Wariant	img:Wariant	sw:	dd:
Lampa kempingowa	publish	product_tag	lampa-kempingowa	2	Wariant	img:Wariant	sw:	dd:
Lampa kinkiet nad lustro EDO ROA	publish	product_tag	lampa-kinkiet-nad-lustro-edo-roa	0	Wariant	img:Wariant	sw:	dd:
Lampa Neli	publish	product_tag	lampa-neli	3	Kolor	img:Kolor	sw:	dd:
Lampa ogrodowa EDO GAIA	publish	product_tag	lampa-ogrodowa-edo-gaia	1	Wariant	img:Wariant	sw:	dd:
Lampa przemysłowa HIGH BAY E	publish	product_tag	lampa-przemyslowa-high-bay-e	4	Kąt świecenia [°], Temperatura barwowa [K]	img:	sw:Kąt świecenia [°], Temperatura barwowa [K]	dd:
Lampa przemysłowa LED HIGH-BAY VOYAGER	publish	product_tag	lampa-przemyslowa-led-high-bay-voyager	0	Strumień świetlny [lm]	img:	sw:Strumień świetlny [lm]	dd:
Lampa uliczna LED 110 Lumens Grey Streetlights VTAC	publish	product_tag	lampa-uliczna-led-110-lumens-grey-streetlights-vtac	4	Moc [W], Barwa światła	img:	sw:Moc [W], Barwa światła	dd:
Lampa uliczna LED 120 Lumens Grey Streetlights VTAC	publish	product_tag	lampa-uliczna-led-120-lumens-grey-streetlights-vtac	2	Moc [W], Barwa światła	img:	sw:Moc [W], Barwa światła	dd:
Lampa uliczna LED 130 Lumens Streetlight VTAC	publish	product_tag	lampa-uliczna-led-130-lumens-streetlight-vtac	1	Moc [W], Barwa światła	img:	sw:Moc [W], Barwa światła	dd:
Lampa uliczna LED 140 Lumens Streetlights VTAC	publish	product_tag	lampa-uliczna-led-140-lumens-streetlights-vtac	0	Moc [W], Barwa światła	img:	sw:Moc [W], Barwa światła	dd:
Lampa uliczna LED 3 Years Streetlights VTAC	publish	product_tag	lampa-uliczna-led-3-years-streetlights-vtac	1	Moc [W], Barwa światła	img:	sw:Moc [W], Barwa światła	dd:
Lampa uliczna LED Class I Inventronics Streetlights VTAC	publish	product_tag	lampa-uliczna-led-class-i-inventronics-streetlights-vtac	1	Moc [W]	img:	sw:Moc [W]	dd:
Lampa uliczna LED CYOTO	publish	product_tag	lampa-uliczna-led-cyoto	2	Moc [W]	img:	sw:Moc [W]	dd:
Lampa uliczna LED Garden Lights VTAC	publish	product_tag	lampa-uliczna-led-garden-lights-vtac	0	Moc [W], Barwa światła	img:	sw:Moc [W], Barwa światła	dd:
Lampa uliczna LED JAZMIN	publish	product_tag	lampa-uliczna-led-jazmin	3	Moc [W]	img:	sw:Moc [W]	dd:
Lampa uliczna LED Light Sensor Pro VTAC	publish	product_tag	lampa-uliczna-led-light-sensor-pro-vtac	2	Moc [W], Barwa światła	img:	sw:Moc [W], Barwa światła	dd:
Lampa uliczna LED Slim Streetlights VTAC	publish	product_tag	lampa-uliczna-led-slim-streetlights-vtac	1	Moc [W], Barwa światła	img:	sw:Moc [W], Barwa światła	dd:
Lampa uliczna LED Slim Streetlights VTAC	publish	product_tag	lampa-uliczna-led-slim-streetlights-vtac	1	Moc [W], Barwa światła	img:	sw:Moc [W], Barwa światła	dd:
Lampa uliczna LED solarna Solar Streetlights VTAC	publish	product_tag	lampa-uliczna-led-solarna-solar-streetlights-vtac	2	Moc [W], Barwa światła	img:	sw:Moc [W], Barwa światła	dd:
Lampa uliczna VESPA Kobi	publish	product_tag	lampa-uliczna-vespa-kobi	4	Moc [W]	img:	sw:Moc [W]	dd:
Lampa warsztatowa	publish	product_tag	lampa-warsztatowa	3	Wariant	img:Wariant	sw:	dd:
Lampa wisząca EDO MEA	publish	product_tag	lampa-wiszaca-edo-mea	3	Wariant	img:Wariant	sw:	dd:
Lampki 100 timer EMOS	publish	product_tag	lampki-100-timer-emos	1	Wariant	img:Wariant	sw:	dd:
Lampki choinkowe LED Classic 200 EMOS	publish	product_tag	lampki-choinkowe-led-classic-200-emos	1	Wariant	img:Wariant	sw:	dd:
Lampki LED sople 100 EMOS	publish	product_tag	lampki-led-sople-100-emos	1	Barwa lampek	img:Barwa lampek	sw:	dd:
Lampki LED standard kurtyna EMOS	publish	product_tag	lampki-led-standard-kurtyna-emos	2	Wariant	img:Wariant	sw:	dd:
Lampki LED standard łańcuch EMOS	publish	product_tag	lampki-led-standard-lancuch-emos	1	Wariant	img:Wariant	sw:	dd:
Lampki LED standard siatka EMOS	publish	product_tag	lampki-led-standard-siatka-emos	2	Wariant	img:Wariant	sw:	dd:
Latarka czołowa	publish	product_tag	latarka-czolowa	8	Wariant	img:Wariant	sw:	dd:
Latarka led	publish	product_tag	latarka-led	2	Wariant	img:Wariant	sw:	dd:
Latarka metalowa	publish	product_tag	latarka-metalowa	6	Wariant	img:Wariant	sw:	dd:
Listwa instalacyjna AKS	publish	product_tag	listwa-instalacyjna-aks	4	Rozmiar	img:	sw:	dd:Rozmiar
Listwa instalacyjna EPS	publish	product_tag	listwa-instalacyjna-eps	17	Kolor, Rozmiar	img:	sw:Kolor	dd:Rozmiar
Łącznik dzwonek hermes	publish	product_tag	lacznik-dzwonek-hermes	2	Kolor	img:Kolor	sw:	dd:
Łącznik dzwonek natynkowy AQUANT	publish	product_tag	lacznik-dzwonek-natynkowy-aquant	2	Kolor	img:Kolor	sw:	dd:
Łącznik hotelowy Simon 54	publish	product_tag	lacznik-hotelowy-simon-54	4	Podświetlenie, Rodzaj łącznika, Kolor	img:Kolor	sw:Rodzaj gniazda	dd:
Łącznik kątowy AKS	publish	product_tag	lacznik-katowy-aks	10	Rozmiar	img:	sw:	dd:Rozmiar
Łącznik krzyżowy moduł Simon 54	publish	product_tag	lacznik-krzyzowy-modul-simon-54	5	Piktogram, Kolor producenta	img:Kolor producenta	sw:	dd:
Łącznik krzyżowy Simon 10	publish	product_tag	lacznik-krzyzowy-simon-10	8	Piktogram, Podświetlenie, Kolor	img:Kolor	sw:	dd:Rodzaj gniazda
Łącznik krzyżowy Simon 54	publish	product_tag	lacznik-krzyzowy-simon-54	22	Piktogram, Podświetlenie, Rodzaj łącznika, Kolor producenta	img:Kolor producenta	sw:	dd:
Łącznik moduł Simon 54	publish	product_tag	lacznik-modul-simon-54	16	Podświetlenie, Rodzaj łącznika, Stopień ochrony [IP], Liczba biegunów, Kolor producenta	img:Kolor producenta	sw:	dd:
Łącznik natynkowy Ospel Bis	publish	product_tag	lacznik-natynkowy-ospel-bis	0	Wariant	img:Wariant	sw:	dd:
Łącznik schodowy hermes	publish	product_tag	lacznik-schodowy-hermes	2	Kolor	img:Kolor	sw:	dd:
Łącznik schodowy moduł Simon 54	publish	product_tag	lacznik-schodowy-modul-simon-54	12	Piktogram, Podświetlenie, Kolor producenta	img:Kolor producenta	sw:	dd:
Łącznik schodowy natynkowy AQUANT	publish	product_tag	lacznik-schodowy-natynkowy-aquant	2	Kolor	img:Kolor	sw:	dd:
Łącznik schodowy podtynkowy AQUANT	publish	product_tag	lacznik-schodowy-podtynkowy-aquant	2	Kolor	img:Kolor	sw:	dd:
Łącznik schodowy Simon 10	publish	product_tag	lacznik-schodowy-simon-10	14	Kolor producenta, Piktogram, Podświetlenie, Rodzaj łącznika	img:Kolor producenta, Kolor	sw:	dd:
Łącznik schodowy Simon 54	publish	product_tag	lacznik-schodowy-simon-54	25	Kolor producenta, Piktogram, Podświetlenie, Rodzaj łącznika	img:Kolor producenta	sw:	dd:
Łącznik Simon 10	publish	product_tag	lacznik-simon-10	10	Liczba biegunów, Podświetlenie, Rodzaj łącznika, Kolor	img:Kolor	sw:	dd:
Łącznik Simon 54	publish	product_tag	lacznik-simon-54	33	Liczba biegunów, Podświetlenie, Rodzaj łącznika, Stopień ochrony [IP], Kolor producenta	img:Kolor producenta	sw:	dd:
Łącznik światło natynkowy AQUANT	publish	product_tag	lacznik-swiatlo-natynkowy-aquant	2	Kolor	img:Kolor	sw:	dd:
Łącznik świecznikowy hermes	publish	product_tag	lacznik-swiecznikowy-hermes	2	Kolor	img:Kolor	sw:	dd:
Łącznik świecznikowy natynkowy AQUANT	publish	product_tag	lacznik-swiecznikowy-natynkowy-aquant	2	Kolor	img:Kolor	sw:	dd:
Łącznik szynoprzewód EDO SEVA	publish	product_tag	lacznik-szynoprzewod-edo-seva	9	Wariant	img:Wariant	sw:	dd:
Łezki LED NANO EMOS	publish	product_tag	lezki-led-nano-emos	1	Ilość lampek	img:	sw:Ilość lampek	dd:
Masa uszczelniająca	publish	product_tag	masa-uszczelniajaca	2	Ilość w zestawie	img:Ilość w zestawie	sw:	dd:
Mini alarm ZAMEL	publish	product_tag	mini-alarm-zamel	3	Wariant	img:Wariant	sw:	dd:
Moduł LED Kanlux	publish	product_tag	modul-led-kanlux	2	Strumień świetlny [lm]	img:	sw:Strumień świetlny [lm]	dd:
Multi Żarówka LED COREPRO Philips bańka E27	publish	product_tag	multi-zarowka-led-corepro-philips-banka-e27	0	Moc [W], Barwa światła	img:	sw:	dd:
Narożnik wewnętrzny AKS	publish	product_tag	naroznik-wewnetrzny-aks	10	Rozmiar	img:	sw:	dd:Rozmiar
Narożnik zewnętrzny AKS	publish	product_tag	naroznik-zewnetrzny-aks	9	Rozmiar	img:	sw:	dd:Rozmiar
Naświetlacz EDO MODAN	publish	product_tag	naswietlacz-edo-modan	2	Moc [W]	img:	sw:Moc [W]	dd:
Naświetlacz EDO MODAN	publish	product_tag	naswietlacz-edo-modan	2	Moc [W]	img:	sw:Moc [W], Barwa światła	dd:
Naświetlacz LED 137lm Black Slimline Pro VTAC	publish	product_tag	naswietlacz-led-137lm-black-slimline-pro-vtac	0	Moc [W], Barwa światła	img:	sw:Moc [W], Barwa światła	dd:
Naświetlacz LED FLOOD PFM Ledvance	publish	product_tag	naswietlacz-led-flood-pfm-ledvance	1	Moc [W], Barwa światła	img:	sw:Moc [W], Barwa światła	dd:
Naświetlacz LED FLOODLIGHT	publish	product_tag	naswietlacz-led-floodlight	42	Moc [W], Barwa światła, Kolor	img:	sw:	dd:
Naświetlacz LED LFX Bemko	publish	product_tag	naswietlacz-led-lfx-bemko	16	Moc [W], Czujnik ruchu, Kolor	img:	sw:Moc [W], Czujnik ruchu	dd:
Naświetlacz LED z czujnikiem FLOODLIGHT	publish	product_tag	naswietlacz-led-z-czujnikiem-floodlight	12	Moc [W], Barwa światła, Kolor	img:	sw:Moc [W], Barwa światła, Kolor	dd:
naświetlacz ledinaire philips	publish	product_tag	naswietlacz-ledinaire-philips	3	Moc [W]	img:Kolor	sw:Moc [W]	dd:
Naświetlacz projektor LED BVP167 Philips z czujnikiem	publish	product_tag	naswietlacz-projektor-led-bvp167-philips-z-czujnikiem	3	Moc [W]	img:	sw:Moc [W]	dd:
Naświetlacz projektor LED BVP169 Philips	publish	product_tag	naswietlacz-projektor-led-bvp169-philips	3	Moc [W]	img:	sw:Moc [W]	dd:
Naświetlacz solarny NCS Kobi	publish	product_tag	naswietlacz-solarny-ncs-kobi	2	Moc [W]	img:	sw:Moc [W]	dd:
neva	publish	product_tag	neva	3	Wariant	img:Wariant	sw:	dd:
Oprawa awaryjna SKALER	publish	product_tag	oprawa-awaryjna-skaler	2	Optyka	img:	sw:Optyka	dd:
Oprawa belka LED KOLINE K1 Kobi	publish	product_tag	oprawa-belka-led-koline-k1-kobi	2	Kolor	img:Kolor	sw:	dd:
Oprawa belka LED Philips	publish	product_tag	oprawa-belka-led-philips	0	Moc [W]	img:	sw:Moc [W]	dd:
Oprawa downlight Kobi	publish	product_tag	oprawa-downlight-kobi	3	Wariant	img:Wariant	sw:	dd:
Oprawa Downlight LED Philips	publish	product_tag	oprawa-downlight-led-philips	0	Moc [W]	img:	sw:Moc [W]	dd:
Oprawa EDO AKTYN	publish	product_tag	oprawa-edo-aktyn	3	Wariant	img:Wariant	sw:	dd:
Oprawa EDO CERI	publish	product_tag	oprawa-edo-ceri	3	Wariant	img:Wariant	sw:	dd:
Oprawa EDO CRYSTAL	publish	product_tag	oprawa-edo-crystal	1	Wariant	img:Wariant	sw:	dd:
Oprawa EDO FALGA	publish	product_tag	oprawa-edo-falga	2	Wariant	img:Wariant	sw:	dd:
Oprawa EDO FESTRA	publish	product_tag	oprawa-edo-festra	2	Wariant	img:Wariant	sw:	dd:
Oprawa EDO HALIS	publish	product_tag	oprawa-edo-halis	4	Wariant	img:Wariant	sw:	dd:
Oprawa EDO IRID	publish	product_tag	oprawa-edo-irid	1	Wariant	img:Wariant	sw:	dd:
Oprawa EDO KLARS	publish	product_tag	oprawa-edo-klars	2	Wariant	img:Wariant	sw:	dd:
Oprawa EDO MALDA	publish	product_tag	oprawa-edo-malda	1	Wariant	img:Wariant	sw:	dd:
Oprawa EDO MALGA	publish	product_tag	oprawa-edo-malga	7	Kolor, Liczba źródeł światła	img:	sw:Kolor, Liczba źródeł światła	dd:
Oprawa EDO OPIL	publish	product_tag	oprawa-edo-opil	1	Wariant	img:Wariant	sw:	dd:
Oprawa EDO OVO	publish	product_tag	oprawa-edo-ovo	10	Kolor, Liczba źródeł światła	img:Kolor	sw:Liczba źródeł światła	dd:
Oprawa EDO OVO T	publish	product_tag	oprawa-edo-ovo-t	2	Wariant	img:Wariant	sw:	dd:
Oprawa EDO RUTEN	publish	product_tag	oprawa-edo-ruten	2	Wariant	img:Wariant	sw:	dd:
Oprawa EDO SKAND MICRO	publish	product_tag	oprawa-edo-skand-micro	1	Wariant	img:Wariant	sw:	dd:
Oprawa EDO TULID	publish	product_tag	oprawa-edo-tulid	3	Wariant	img:Wariant	sw:	dd:
Oprawa EDO TULID SQ 2 kolory	publish	product_tag	oprawa-edo-tulid-sq-2-kolory	2	Wariant	img:Wariant	sw:	dd:
Oprawa EDO VIERA	publish	product_tag	oprawa-edo-viera	2	Wariant	img:Wariant	sw:	dd:
Oprawa EDO ZALDA	publish	product_tag	oprawa-edo-zalda	1	Wariant	img:Wariant	sw:	dd:
Oprawa EDO ZAMA	publish	product_tag	oprawa-edo-zama	3	Wariant	img:Wariant	sw:	dd:
Oprawa Edo ZIVA	publish	product_tag	oprawa-edo-ziva	4	Regulacja kąta, Kolor	img:Kolor	sw:Regulacja kąta, Kolory	dd:
Oprawa elewacyjna Santa Bowi	publish	product_tag	oprawa-elewacyjna-santa-bowi	4	Wariant	img:Wariant	sw:	dd:
Oprawa Fara Brolux	publish	product_tag	oprawa-fara-brolux	2	Wariant	img:Wariant	sw:	dd:
Oprawa hermetyczna do świetlówek Kobi	publish	product_tag	oprawa-hermetyczna-do-swietlowek-kobi	2	Długość	img:	sw:Długość	dd:
Oprawa hermetyczna GTV	publish	product_tag	oprawa-hermetyczna-gtv	3	Długość	img:	sw:Długość	dd:
Oprawa hermetyczna LED CORTEZ	publish	product_tag	oprawa-hermetyczna-led-cortez	3	Moc [W]	img:	sw:Moc [W]	dd:
Oprawa hermetyczna LED Philips	publish	product_tag	oprawa-hermetyczna-led-philips	7	Moc [W]	img:	sw:Moc [W]	dd:
Oprawa hermetyczna LED Philips	publish	product_tag	oprawa-hermetyczna-led-philips	7	Moc [W], Strumień świetlny [lm]	img:	sw:Moc [W], Strumień świetlny [lm]	dd:
Oprawa hermetyczna liniowa LED NEXFORCE	publish	product_tag	oprawa-hermetyczna-liniowa-led-nexforce	2	Długość	img:	sw:Długość	dd:
Oprawa hermetyczna Piła	publish	product_tag	oprawa-hermetyczna-pila	0	Długość	img:	sw:Długość	dd:
oprawa high bay rio pro kobi	publish	product_tag	oprawa-high-bay-rio-pro-kobi	3	Moc [W]	img:	sw:Moc [W]	dd:
Oprawa kula STONO	publish	product_tag	oprawa-kula-stono	5	Rozmiar	img:	sw:Rozmiar	dd:
Oprawa liniowa LORIEN	publish	product_tag	oprawa-liniowa-lorien	3	Moc [W]	img:	sw:Moc [W]	dd:
Oprawa najazdowa Doryt	publish	product_tag	oprawa-najazdowa-doryt	2	Wariant	img:Wariant	sw:	dd:
Oprawa ogrodowa wbijana	publish	product_tag	oprawa-ogrodowa-wbijana	2	Wariant	img:Wariant	sw:	dd:
Oprawa przemysłowa high-bay NINA Philips	publish	product_tag	oprawa-przemyslowa-high-bay-nina-philips	0	Moc [W]	img:	sw:Moc [W]	dd:
Oprawa przemysłowa high-bay Philips	publish	product_tag	oprawa-przemyslowa-high-bay-philips	2	Moc [W]	img:	sw:Moc [W]	dd:
Oprawa punktowa EDO UMA	publish	product_tag	oprawa-punktowa-edo-uma	3	Wariant	img:Wariant	sw:	dd:
Oprawa sufitowa Corona	publish	product_tag	oprawa-sufitowa-corona	2	Kolor	img:Kolor	sw:	dd:
Oprawa sufitowa MARIN Kanlux	publish	product_tag	oprawa-sufitowa-marin-kanlux	4	Kolor producenta	img:Kolor producenta	sw:	dd:
Oprawa sufitowa Sara BOWI	publish	product_tag	oprawa-sufitowa-sara-bowi	2	Kolor	img:Wariant, Kolor	sw:	dd:
Oprawa sufitowa VALDA BOWI	publish	product_tag	oprawa-sufitowa-valda-bowi	2	Długość	img:	sw:Długość	dd:
Oprawa sufitowa Valda złota bowi	publish	product_tag	oprawa-sufitowa-valda-zlota-bowi	2	Wysokość	img:	sw:Wysokość	dd:
Oprawy Kanlux Reka	publish	product_tag	oprawy-kanlux-reka	2	Wariant	img:Wariant	sw:	dd:
Ospel - warianty po kolorze producenta (zdjęcie)	publish	product_tag	adapter-podtynkowy-systemu-45-ospel-aria,adapter-podtynkowy-systemu-ospel-45-do-serii-sonata-ospel,elektroniczny-czujnik-ruchu-ospel-aria,elektroniczny-czujnik-ruchu-ospel-as,elektroniczny-czujnik-ruchu-ospel-impresja,elektroniczny-czujnik-ruchu-ospel-sonata,gniazdo-antenowe-rtv-koncowe-ospel-impresja,gniazdo-antenowe-rtv2xsat-ospel-as,gniazdo-antenowe-rtvsat-koncowe-ospel-impresja,gniazdo-antenowe-rtvsat-przelotowe-ospel-impresja,gniazdo-antenowe-rtvsat-z-dwoma-wyjsciami-sat-ospel-impresja,gniazdo-antenowe-typu-f-podwojne-ospel-aria,gniazdo-antenowe-typu-f-podwojne-ospel-as,gniazdo-antenowe-typu-f-podwojne-ospel-impresja,gniazdo-antenowe-typu-f-podwojne-ospel-sonata,gniazdo-antenowe-typu-f-pojedyncze-ospel-aria,gniazdo-antenowe-typu-f-pojedyncze-ospel-as,gniazdo-antenowe-typu-f-pojedyncze-ospel-impresja,gniazdo-antenowe-typu-f-pojedyncze-ospel-sonata,gniazdo-czerwone-data-ospel-as,gniazdo-ekwipotencjalne-podwojne-ospel-aria,gniazdo-ekwipotencjalne-podwojne-ospel-as,gniazdo-ekwipotencjalne-podwojne-ospel-sonata,gniazdo-ekwipotencjalne-pojedyncze-ospel-aria,gniazdo-ekwipotencjalne-pojedyncze-ospel-as,gniazdo-ekwipotencjalne-pojedyncze-ospel-sonata,gniazdo-glosnikowe-podwojne-ospel-aria,gniazdo-glosnikowe-podwojne-ospel-as,gniazdo-glosnikowe-podwojne-ospel-impresja,gniazdo-glosnikowe-podwojne-ospel-sonata,gniazdo-glosnikowe-pojedyncze-6mm2-ospel-aria,gniazdo-glosnikowe-pojedyncze-nano-srebro-ospel-as-antybakteryjny,gniazdo-glosnikowe-pojedyncze-ospel-aria,gniazdo-glosnikowe-pojedyncze-ospel-as,gniazdo-glosnikowe-pojedyncze-ospel-impresja,gniazdo-glosnikowe-pojedyncze-ospel-sonata,gniazdo-hermet-z-uziem-data-z-kluczem-ip44-wieczko-przezr-as,gniazdo-hermet-z-uziem-ip44-z-przesl-wieczko-kolor-sonata,gniazdo-hermet-z-uziem-ip44-z-przesl-wieczko-przezr-sonata,gniazdo-hermet-z-uziem-schuko-ip44-wieczko-kolor-as-antybakt,gniazdo-hermet-z-uziem-schuko-ip44-z-przesl-wieczko-przezr-as,gniazdo-hermet-z-uziem-schuko-ip44-z-przesl-wieczko-przezr-sonata,gniazdo-hermetyczne-ip44-klapka-dymna-ospel-aria,gniazdo-hermetyczne-ip44-klapka-dymna-ospel-impresja,gniazdo-hermetyczne-ip44-klapka-ospel-aria,gniazdo-hermetyczne-ip44-klapka-ospel-impresja,gniazdo-hermetyczne-ip44-zu-ospel-as,gniazdo-hermetyczne-z-przeslonami-ip44-klapka-dymna-ospel-aria,gniazdo-hermetyczne-z-przeslonami-ip44-klapka-dymna-ospel-impresja,gniazdo-hermetyczne-z-przeslonami-ip44-klapka-ospel-impresja,gniazdo-hermetyczne-z-uziemieniem-data-ip44-wieczko-kolor-as-antybakt,gniazdo-hermetyczne-z-uziemieniem-data-ip44-wieczko-kolor-ospel-as,gniazdo-hermetyczne-z-uziemieniem-data-ip44-wieczko-przezr-ospel-as,gniazdo-hermetyczne-z-uziemieniem-data-z-kluczem-ip44-wieczko-kolor-as,gniazdo-hermetyczne-z-uziemieniem-ip44-wieczko-kolor-ospel-sonata,gniazdo-hermetyczne-z-uziemieniem-ip44-wieczko-przezr-ospel-sonata,gniazdo-hermetyczne-z-uziemieniem-ip44-wieczko-przezroczyste-ospel-as,gniazdo-hermetyczne-z-uziemieniem-ip44-z-przeslonami-wieczko-kolor-as,gniazdo-hermetyczne-z-uziemieniem-ip44-z-przeslonami-wieczko-przezr-as,gniazdo-hermetyczne-z-uziemieniem-schuko-i-przeslonami-ip44-ospel-aria,gniazdo-hermetyczne-z-uziemieniem-schuko-ip44-ospel-aria,gniazdo-hermetyczne-z-uziemieniem-schuko-ip44-wieczko-przezr-ospel-as,gniazdo-hermetyczne-z-uziemieniem-schuko-ip44-wieczko-przezr-sonata,gniazdo-komputerowe-podwojne-2xrj45-kat-5e-mmc-ospel-impresja,gniazdo-komputerowe-podwojne-kat-5e-mmc-ospel-sonata,gniazdo-komputerowe-podwojne-kat-5e-ospel-aria,gniazdo-komputerowe-podwojne-kat-5e-ospel-as,gniazdo-komputerowe-podwojne-kat-6-mmc-ospel-sonata,gniazdo-komputerowe-pojedyncze-kat-5e-mmc-ospel-sonata,gniazdo-komputerowe-pojedyncze-kat-5e-ospel-aria,gniazdo-komputerowe-pojedyncze-kat-5e-ospel-as,gniazdo-komputerowe-pojedyncze-kat-6-mmc-ospel-sonata,gniazdo-komputerowe-pojedyncze-rj45-kat-5e-mmc-ospel-impresja,gniazdo-podwojne-bez-uziemienia-kompletne-ospel-aria,gniazdo-podwojne-bez-uziemienia-kompletne-ospel-impresja,gniazdo-podwojne-bez-uziemienia-ospel-aria,gniazdo-podwojne-bez-uziemienia-ospel-impresja,gniazdo-podwojne-bez-uziemienia-z-przeslonami-ospel-as,gniazdo-podwojne-bez-uziemienia-z-przeslonami-ospel-impresja,gniazdo-podwojne-bez-uziemienia-z-przeslonami-z-ramka-ospel-as,gniazdo-podwojne-kompletne-z-ramka-ospel-sonata,gniazdo-podwojne-ospel-as,gniazdo-podwojne-ospel-sonata,gniazdo-podwojne-z-przeslonami-torow-pradowych-ospel-sonata,gniazdo-podwojne-z-przeslonami-z-ramka-ospel-sonata,gniazdo-podwojne-z-ramka-ospel-as,gniazdo-podwojne-z-uziemieniem-do-ramek-4mm-ospel-sonata,gniazdo-podwojne-z-uziemieniem-i-przeslonami-ospel-aria,gniazdo-podwojne-z-uziemieniem-i-przeslonami-ospel-impresja,gniazdo-podwojne-z-uziemieniem-kompletne-ospel-aria,gniazdo-podwojne-z-uziemieniem-kompletne-ospel-impresja,gniazdo-podwojne-z-uziemieniem-kompletne-z-ramka-ospel-sonata,gniazdo-podwojne-z-uziemieniem-niezamiennosc-faz-kompletne-ospel-aria,gniazdo-podwojne-z-uziemieniem-niezamiennosc-faz-z-ramka-ospel-as,gniazdo-podwojne-z-uziemieniem-niezamiennosc-faz-z-ramka-ospel-sonata,gniazdo-podwojne-z-uziemieniem-ospel-aria,gniazdo-podwojne-z-uziemieniem-ospel-as,gniazdo-podwojne-z-uziemieniem-ospel-impresja,gniazdo-podwojne-z-uziemieniem-ospel-sonata,gniazdo-podwojne-z-uziemieniem-schuko-i-przeslonami-kompletne-aria,gniazdo-podwojne-z-uziemieniem-schuko-kompletne-ospel-aria,gniazdo-podwojne-z-uziemieniem-schuko-kompletne-ospel-impresja,gniazdo-podwojne-z-uziemieniem-schuko-kompletne-z-ramka-ospel-sonata,gniazdo-podwojne-z-uziemieniem-schuko-z-przeslonami-z-ramka-ospel-as,gniazdo-podwojne-z-uziemieniem-schuko-z-przeslonami-z-ramka-sonata,gniazdo-podwojne-z-uziemieniem-z-przeslonami-do-ramek-4mm-ospel-sonata,gniazdo-podwojne-z-uziemieniem-z-przeslonami-kompletne-ospel-aria,gniazdo-podwojne-z-uziemieniem-z-przeslonami-ospel-aria,gniazdo-podwojne-z-uziemieniem-z-przeslonami-ospel-sonata,gniazdo-podwojne-z-uziemieniem-z-przeslonami-torow-pradowych-ospel-as,gniazdo-podwojne-z-uziemieniem-z-przeslonami-z-ramka-ospel-as,gniazdo-podwojne-z-uziemieniem-z-przeslonami-z-ramka-ospel-sonata,gniazdo-podwojne-z-uziemieniem-z-ramka-ospel-as,gniazdo-pojedyncze-bez-uziemienia-ospel-aria,gniazdo-pojedyncze-bez-uziemienia-ospel-impresja,gniazdo-pojedyncze-bez-uziemienia-z-przeslonami-ospel-aria,gniazdo-pojedyncze-bez-uziemienia-z-przeslonami-ospel-as,gniazdo-pojedyncze-bez-uziemienia-z-przeslonami-ospel-impresja,gniazdo-pojedyncze-ospel-as,gniazdo-pojedyncze-ospel-sonata,gniazdo-pojedyncze-schuko-ospel-as,gniazdo-pojedyncze-z-przeslonami-torow-pradowych-ospel-sonata,gniazdo-pojedyncze-z-uziemieniem-data-ospel-sonata,gniazdo-pojedyncze-z-uziemieniem-data-z-kluczem-ospel-sonata,gniazdo-pojedyncze-z-uziemieniem-data-z-kluczem-uprawniajacym-ospel-as,gniazdo-pojedyncze-z-uziemieniem-data-z-przeslonami-ospel-as,gniazdo-pojedyncze-z-uziemieniem-data-z-przeslonami-ospel-sonata,gniazdo-pojedyncze-z-uziemieniem-i-przeslonami-ospel-aria,gniazdo-pojedyncze-z-uziemieniem-i-przeslonami-ospel-impresja,gniazdo-pojedyncze-z-uziemieniem-ospel-aria,gniazdo-pojedyncze-z-uziemieniem-ospel-as,gniazdo-pojedyncze-z-uziemieniem-ospel-impresja,gniazdo-pojedyncze-z-uziemieniem-ospel-sonata,gniazdo-pojedyncze-z-uziemieniem-schuko-i-przeslonami-ospel-aria,gniazdo-pojedyncze-z-uziemieniem-schuko-ospel-aria,gniazdo-pojedyncze-z-uziemieniem-schuko-ospel-impresja,gniazdo-pojedyncze-z-uziemieniem-schuko-ospel-sonata,gniazdo-pojedyncze-z-uziemieniem-schuko-z-przeslonami-ospel-as,gniazdo-pojedyncze-z-uziemieniem-schuko-z-przeslonami-ospel-sonata,gniazdo-pojedyncze-z-uziemieniem-schuko-z-przeslonami-usb-ac-sonata,gniazdo-pojedyncze-z-uziemieniem-schuko-z-przeslonami-usb-ospel-sonata,gniazdo-pojedyncze-z-uziemieniem-z-przeslonami-ospel-as,gniazdo-pojedyncze-z-uziemieniem-z-przeslonami-ospel-sonata,gniazdo-pojedyncze-z-uziemieniem-z-przeslonami-usb-ac-ospel-aria,gniazdo-pojedyncze-z-uziemieniem-z-przeslonami-usb-ac-ospel-as,gniazdo-pojedyncze-z-uziemieniem-z-przeslonami-usb-ac-ospel-sonata,gniazdo-pojedyncze-z-uziemieniem-z-przeslonami-usb-ospel-as,gniazdo-pojedyncze-z-uziemieniem-z-przeslonami-usb-ospel-sonata,gniazdo-pojedyncze-z-uziemieniem-z-ladowarka-usb-ospel-aria,gniazdo-potrojne-euro-i-przeslonami-ospel-aria,gniazdo-potrojne-euro-ospel-aria,gniazdo-potrojne-euro-ospel-as,gniazdo-potrojne-euro-ospel-impresja,gniazdo-potrojne-euro-ospel-sonata,gniazdo-potrojne-euro-z-przeslonami-torow-pradowych-ospel-sonata,gniazdo-rtv-data-ospel-aria,gniazdo-rtv-koncowe-ospel-aria,gniazdo-rtv-koncowe-ospel-as,gniazdo-rtv-koncowe-ospel-sonata,gniazdo-rtv-przelotowe-10db-ospel-aria,gniazdo-rtv-przelotowe-10db-ospel-as,gniazdo-rtv-przelotowe-10db-ospel-sonata,gniazdo-rtv-przelotowe-14db-ospel-aria,gniazdo-rtv-przelotowe-14db-ospel-as,gniazdo-rtv-przelotowe-14db-ospel-sonata,gniazdo-rtv-przelotowe-16db-ospel-aria,gniazdo-rtv-przelotowe-16db-ospel-as,gniazdo-rtv-przelotowe-16db-ospel-sonata,gniazdo-rtv-przelotowe-ospel-impresja,gniazdo-rtv-zakonczeniowe-10db-ospel-aria,gniazdo-rtv-zakonczeniowe-10db-ospel-as,gniazdo-rtv-zakonczeniowe-ospel-impresja,gniazdo-rtv-zakonczeniowe-ospel-sonata,gniazdo-rtvdata-ospel-as,gniazdo-rtvdata-ospel-sonata,gniazdo-rtvsat-koncowe-ospel-aria,gniazdo-rtvsat-koncowe-ospel-as,gniazdo-rtvsat-koncowe-ospel-sonata,gniazdo-rtvsat-przelotowe-ospel-aria,gniazdo-rtvsat-przelotowe-ospel-as,gniazdo-rtvsat-przelotowe-ospel-sonata,gniazdo-rtvsat-z-dwoma-wyjsciami-ospel-aria,gniazdo-rtvsat-z-dwoma-wyjsciami-sat-ospel-sonata,gniazdo-telefoniczne-podwojne-niezalezne-ospel-aria,gniazdo-telefoniczne-podwojne-niezalezne-ospel-as,gniazdo-telefoniczne-podwojne-niezalezne-ospel-impresja,gniazdo-telefoniczne-podwojne-niezalezne-ospel-sonata,gniazdo-telefoniczne-podwojne-rownolegle-ospel-aria,gniazdo-telefoniczne-podwojne-rownolegle-ospel-as,gniazdo-telefoniczne-podwojne-rownolegle-ospel-impresja,gniazdo-telefoniczne-podwojne-rownolegle-ospel-sonata,gniazdo-telefoniczne-pojedyncze-ospel-aria,gniazdo-telefoniczne-pojedyncze-ospel-as,gniazdo-telefoniczne-pojedyncze-ospel-impresja,gniazdo-telefoniczne-pojedyncze-ospel-sonata,obudowa-gniazda-komputerowego-podwojna-ospel-as,obudowa-gniazda-komputerowego-pojedyncza-ospel-as,obudowa-gniazda-podwojnego-keystone-prosta-ospel-aria,obudowa-gniazda-podwojnego-keystone-prosta-ospel-impresja,obudowa-gniazda-podwojnego-keystone-skosna-ospel-aria,obudowa-gniazda-podwojnego-typu-keystone-prosta-ospel-sonata,obudowa-gniazda-podwojnego-typu-keystone-skosna-ospel-as,obudowa-gniazda-podwojnego-typu-keystone-skosna-ospel-sonata,obudowa-gniazda-podwojnego-z-przeslona-typu-keystone-prosta-ospel-aria,obudowa-gniazda-pojedynczego-keystone-prosta-ospel-aria,obudowa-gniazda-pojedynczego-keystone-prosta-ospel-impresja,obudowa-gniazda-pojedynczego-keystone-skosna-ospel-aria,obudowa-gniazda-pojedynczego-typu-keystone-prosta-ospel-sonata,obudowa-gniazda-pojedynczego-typu-keystone-skosna-ospel-as,obudowa-gniazda-pojedynczego-typu-keystone-skosna-ospel-sonata,obudowa-gniazda-pojedynczego-z-przeslona-typu-keystone-prosta-aria,przycisk-dotykowy-jednobiegunowy-zwierny-z-podswietleniem-sonata-touch,przycisk-dzwonek-zwierny-ospel-aria,przycisk-dzwonek-zwierny-ospel-as,przycisk-dzwonek-zwierny-ospel-impresja,przycisk-dzwonek-zwierny-ospel-sonata,przycisk-dzwonek-zwierny-z-podswietleniem-niebieskim-ospel-sonata,przycisk-dzwonek-zwierny-z-podswietleniem-ospel-impresja,przycisk-dzwonek-zwierny-z-podswietleniem-ospel-sonata,przycisk-podwojny-dotykowy-zwierny-z-podswietleniem-ospel-sonata-touch,przycisk-podwojny-zwierny-ospel-aria,przycisk-podwojny-zwierny-ospel-as,przycisk-podwojny-zwierny-ospel-impresja,przycisk-podwojny-zwierny-ospel-sonata,przycisk-potrojny-zwierny-ospel-aria,przycisk-potrojny-zwierny-ospel-as,przycisk-potrojny-zwierny-ospel-sonata,przycisk-zwierny-ospel-aria,przycisk-zwierny-ospel-as,przycisk-zwierny-ospel-sonata,przycisk-swiatlo-zwierny-ospel-aria,przycisk-swiatlo-zwierny-ospel-as,przycisk-swiatlo-zwierny-ospel-impresja,przycisk-swiatlo-zwierny-ospel-sonata,przycisk-swiatlo-zwierny-z-podswietleniem-niebieskim-ospel-sonata,przycisk-swiatlo-zwierny-z-podswietleniem-ospel-impresja,przycisk-swiatlo-zwierny-z-podswietleniem-ospel-sonata,przycisk-zaluzjowy-ospel-impresja,przycisk-zaluzjowy-z-podswietleniem-ospel-impresja,przycisk-zaluzjowy-zwierny-ospel-sonata,przycisk-zaluzjowy-zwierny-z-podswietleniem-niebieskim-ospel-sonata,przycisk-zaluzjowy-zwierny-z-podswietleniem-ospel-sonata,przylacz-kablowy-ospel-aria,przylacz-kablowy-ospel-as,przylacz-kablowy-ospel-impresja,przylacz-kablowy-ospel-sonata,puszka-1krotna-ospel-impresja,puszka-2krotna-ospel-impresja,puszka-5krotna-ospel-impresja,puszka-narozna-do-serii-sonata-podwojna-wyposazona-w-ramke-sonata,puszka-natynkowa-do-serii-sonata-podwojna-ospel-sonata,puszka-natynkowa-do-serii-sonata-pojedyncza-ospel-sonata,puszka-natynkowa-do-serii-sonata-potrojna-ospel-sonata,puszka-natynkowa-pieciokrotna-ospel-aria,puszka-natynkowa-poczworna-ospel-aria,puszka-natynkowa-podwojna-ospel-aria,puszka-natynkowa-pojedyncza-ospel-aria,puszka-natynkowa-potrojna-ospel-aria,ramka-ozdobna-do-gniazd-podwojnych-do-ramki-ospel-aria,ramka-ozdobna-do-gniazd-poj-bez-klapek-teleinf-sciemn-ospel-aria,ramka-ozdobna-do-gniazda-podwojnych-kompletnych-ospel-aria,ramka-ozdobna-do-lacznikow-podwojnych-krzyzowych-ospel-aria,ramka-ozdobna-mocujaca-do-lacznikow-ospel-aria,ramka-ozdobna-mocujaca-do-lacznikow-potrojnych-ospel-aria,ramka-pieciokrotna-do-zestawow-ip44-ospel-aria,ramka-pieciokrotna-do-zestawow-ip44-ospel-impresja,ramka-pieciokrotna-do-lacznikow-ip44-ospel-sonata,ramka-pieciokrotna-ip44-ospel-as,ramka-pieciokrotna-ospel-aria,ramka-pieciokrotna-ospel-as,ramka-pieciokrotna-ospel-impresja,ramka-pieciokrotna-ospel-sonata,ramka-pieciokrotna-szczotkowana-ospel-sonata,ramka-pieciokrotna-szklo-ospel-sonata,ramka-poczworna-do-zestawow-ip44-ospel-aria,ramka-poczworna-do-zestawow-ip44-ospel-impresja,ramka-poczworna-do-lacznikow-ip44-ospel-sonata,ramka-poczworna-ip44-ospel-as,ramka-poczworna-ospel-aria,ramka-poczworna-ospel-as,ramka-poczworna-ospel-impresja,ramka-poczworna-ospel-sonata,ramka-poczworna-prestige-ospel-impresja,ramka-poczworna-szczotkowana-ospel-aria,ramka-poczworna-szczotkowana-ospel-impresja,ramka-poczworna-szczotkowana-ospel-sonata,ramka-poczworna-szklo-ospel-aria,ramka-poczworna-szklo-ospel-sonata,ramka-podwojna-do-zestawow-ip44-ospel-aria,ramka-podwojna-do-zestawow-ip44-ospel-impresja,ramka-podwojna-do-lacznikow-ip44-ospel-sonata,ramka-podwojna-ip44-ospel-as,ramka-podwojna-ospel-aria,ramka-podwojna-ospel-as,ramka-podwojna-ospel-impresja,ramka-podwojna-ospel-sonata,ramka-podwojna-prestige-ospel-impresja,ramka-podwojna-szczotkowana-ospel-aria,ramka-podwojna-szczotkowana-ospel-impresja,ramka-podwojna-szczotkowana-ospel-sonata,ramka-podwojna-szklo-ospel-aria,ramka-podwojna-szklo-ospel-sonata,ramka-pojedyncza-do-zestawow-ip44-ospel-aria,ramka-pojedyncza-do-zestawow-ip44-ospel-impresja,ramka-pojedyncza-do-lacznikow-ip44-ospel-sonata,ramka-pojedyncza-ip44-ospel-as,ramka-pojedyncza-ospel-aria,ramka-pojedyncza-ospel-as,ramka-pojedyncza-ospel-impresja,ramka-pojedyncza-ospel-sonata,ramka-pojedyncza-prestige-ospel-impresja,ramka-pojedyncza-szczotkowana-ospel-aria,ramka-pojedyncza-szczotkowana-ospel-impresja,ramka-pojedyncza-szczotkowana-ospel-sonata,ramka-pojedyncza-szklo-ospel-aria,ramka-pojedyncza-szklo-ospel-sonata,ramka-potrojna-do-zestawow-ip44-ospel-aria,ramka-potrojna-do-zestawow-ip44-ospel-impresja,ramka-potrojna-do-lacznikow-ip44-ospel-sonata,ramka-potrojna-ip44-ospel-as,ramka-potrojna-ospel-aria,ramka-potrojna-ospel-as,ramka-potrojna-ospel-impresja,ramka-potrojna-ospel-sonata,ramka-potrojna-prestige-ospel-impresja,ramka-potrojna-szczotkowana-ospel-aria,ramka-potrojna-szczotkowana-ospel-impresja,ramka-potrojna-szczotkowana-ospel-sonata,ramka-potrojna-szklo-ospel-aria,ramka-potrojna-szklo-ospel-sonata,regulator-temperatury-napowietrzny-ospel-as,regulator-temperatury-ospel-as,regulator-temperatury-z-czujnikiem-napowietrznym-ospel-aria,regulator-temperatury-z-czujnikiem-napowietrznym-ospel-sonata,regulator-temperatury-z-czujnikiem-podpodlogowym-ospel-aria,regulator-temperatury-z-czujnikiem-podpodlogowym-ospel-sonata,zaslepka-ospel-aria,zaslepka-ospel-as,zaslepka-ospel-impresja,zaslepka-ospel-sonata,zespol-podswietlenia-led-do-lacznikow-potrojnych-ospel-aria,zespol-podswietlenia-led-ospel-aria,lacznik-dotykowy-jednobiegunowy-z-podswietleniem-ospel-sonata-touch,lacznik-dotykowy-jednobiegunowy-z-podswietleniem-wifi-sonata-touch,lacznik-dotykowy-podwojny-schodowy-krzyzowy-podsw-sonata-touch,lacznik-dotykowy-schodowykrzyzowy-z-podswietleniem-ospel-sonata-touch,lacznik-dwubiegunowy-ospel-aria,lacznik-dwubiegunowy-ospel-as,lacznik-dwubiegunowy-ospel-impresja,lacznik-dwubiegunowy-ospel-sonata,lacznik-dwubiegunowy-podswietlany-ospel-as,lacznik-dwubiegunowy-z-podswietleniem-niebieskim-ospel-sonata,lacznik-dwubiegunowy-z-podswietleniem-ospel-impresja,lacznik-dwubiegunowy-z-podswietleniem-ospel-sonata,lacznik-hotelowy-podswietlany-ospel-as,lacznik-hotelowy-z-podswietleniem-ospel-aria,lacznik-hotelowy-z-podswietleniem-ospel-impresja,lacznik-hotelowy-z-podswietleniem-pomaranczowym-ospel-sonata,lacznik-jednobiegunowy-ospel-aria,lacznik-jednobiegunowy-ospel-impresja,lacznik-jednobiegunowy-ospel-sonata,lacznik-jednobiegunowy-z-podswietleniem-niebieskim-ospel-sonata,lacznik-jednobiegunowy-z-podswietleniem-ospel-impresja,lacznik-jednobiegunowy-z-podswietleniem-ospel-sonata,lacznik-kontrolny-z-podswietleniem-niebieskim-ospel-sonata,lacznik-kontrolny-z-podswietleniem-ospel-aria,lacznik-kontrolny-z-podswietleniem-ospel-as,lacznik-kontrolny-z-podswietleniem-ospel-sonata,lacznik-krzyzowy-ospel-aria,lacznik-krzyzowy-ospel-as,lacznik-krzyzowy-ospel-sonata,lacznik-krzyzowy-podwojny-ospel-aria,lacznik-krzyzowy-podwojny-ospel-as,lacznik-krzyzowy-podwojny-ospel-sonata,lacznik-krzyzowy-podswietlany-ospel-as,lacznik-krzyzowy-z-podswietleniem-niebieskim-ospel-sonata,lacznik-krzyzowy-z-podswietleniem-ospel-impresja,lacznik-krzyzowy-z-podswietleniem-ospel-sonata,lacznik-podwojny-ospel-as,lacznik-podwojny-podswietlany-ospel-as,lacznik-pojedynczy-ospel-as,lacznik-pojedynczy-podswietlany-ospel-as,lacznik-potrojny-dotykowy-z-podswietleniem-ospel-sonata-touch,lacznik-potrojny-ospel-aria,lacznik-potrojny-ospel-as,lacznik-potrojny-ospel-impresja,lacznik-potrojny-ospel-sonata,lacznik-potrojny-podswietlany-ospel-as,lacznik-potrojny-z-podswietleniem-ospel-sonata,lacznik-schodowy-jednobiegunowy-ospel-aria,lacznik-schodowy-jednobiegunowy-ospel-as,lacznik-schodowy-jednobiegunowy-ospel-impresja,lacznik-schodowy-jednobiegunowy-ospel-sonata,lacznik-schodowy-ospel-aria,lacznik-schodowy-ospel-as,lacznik-schodowy-ospel-impresja,lacznik-schodowy-ospel-sonata,lacznik-schodowy-podwojny-ospel-aria,lacznik-schodowy-podwojny-ospel-as,lacznik-schodowy-podwojny-ospel-impresja,lacznik-schodowy-podwojny-ospel-sonata,lacznik-schodowy-podswietlany-ospel-as,lacznik-schodowy-z-podswietleniem-niebieskim-ospel-sonata,lacznik-schodowy-z-podswietleniem-ospel-impresja,lacznik-schodowy-z-podswietleniem-ospel-sonata,lacznik-swiecznikowy-dotykowy-z-podswietleniem-ospel-sonata-touch,lacznik-swiecznikowy-dotykowy-z-podswietleniem-wifi-ospel-sonata-touch,lacznik-swiecznikowy-ospel-aria,lacznik-swiecznikowy-ospel-impresja,lacznik-swiecznikowy-ospel-sonata,lacznik-swiecznikowy-podwojny-z-podswietleniem-ospel-impresja,lacznik-swiecznikowy-z-podswietleniem-niebieskim-ospel-sonata,lacznik-swiecznikowy-z-podswietleniem-ospel-sonata,lacznik-zaluzjowy-dotykowy-z-podswietleniem-ospel-sonata-touch,lacznik-zaluzjowy-dotykowy-z-podswietleniem-wifi-ospel-sonata-touch,lacznik-zaluzjowy-ospel-aria,lacznik-zaluzjowy-ospel-as,lacznik-zaluzjowy-podswietlany-ospel-as,lacznik-zaluzjowy-z-blokada-mechaniczna-ospel-impresja,lacznik-zaluzjowy-z-blokada-mechaniczna-ospel-sonata,lacznik-zaluzjowy-z-blokada-ospel-aria,lacznik-zaluzjowy-z-blokada-ospel-as,lacznik-zaluzjowy-z-podsw-niebieskim-z-blok-mech-sonata,lacznik-zaluzjowy-z-podswietleniem-z-blokada-mechaniczna-ospel-as,lacznik-zaluzjowy-z-podswietleniem-z-blokada-mechaniczna-ospel-sonata,sciemniacz-obrotowy-przystosowany-zarowe-halogenowego-sonata,sciemniacz-przyciskowo-obrotowy-ospel-as,sciemniacz-przyciskowo-obrotowy-ospel-impresja,sciemniacz-przyciskowoobrotowy-ospel-aria,sciemniacz-uniwersalny-do-led-ospel-aria,sciemniacz-uniwersalny-do-led-ospel-impresja,sciemniacz-uniwersalny-led-ospel-as,sciemniacz-uniwersalny-zarowy-halogen-led-sonata	-	Kolor producenta	img:Kolor producenta	sw:	dd:
Panel LED BLACKLIGHT	publish	product_tag	panel-led-blacklight	2	Moc [W]	img:	sw:Moc [W]	dd:
Panel LED Blingo	publish	product_tag	panel-led-blingo	2	Rozmiar, Sposób montażu	img:	sw:Rozmiar, Sposób montażu	dd:
Panel LED LEDINAIRE	publish	product_tag	panel-led-ledinaire	2	Moc [W]	img:	sw:Moc [W]	dd:
Panel LED MINI Adjustable Panels-Round VTAC	publish	product_tag	panel-led-mini-adjustable-panels-round-vtac	2	Moc [W], Barwa światła	img:	sw:Moc [W], Barwa światła	dd:
Panel LED MINI Adjustable Panels-Square VTAC	publish	product_tag	panel-led-mini-adjustable-panels-square-vtac	0	Moc [W], Barwa światła	img:	sw:Moc [W], Barwa światła	dd:
Panel LED MINI Glass Series Round VTAC	publish	product_tag	panel-led-mini-glass-series-round-vtac	0	Moc [W], Barwa światła	img:	sw:Moc [W], Barwa światła	dd:
Panel LED MINI Glass Series Square VTAC	publish	product_tag	panel-led-mini-glass-series-square-vtac	1	Moc [W], Barwa światła	img:	sw:Moc [W], Barwa światła	dd:
Panel LED MINI Linear Lights Flat VTAC	publish	product_tag	panel-led-mini-linear-lights-flat-vtac	2	Moc [W], Barwa światła	img:	sw:Moc [W], Barwa światła	dd:
Panel LED MINI Premium Series Square VTAC SQ	publish	product_tag	panel-led-mini-premium-series-square-vtac-sq	1	Moc [W], Barwa światła	img:	sw:Moc [W], Barwa światła	dd:
Panel LED MINI PRO Premium Series Round VTAC	publish	product_tag	panel-led-mini-pro-premium-series-round-vtac	2	Moc [W], Barwa światła	img:	sw:Moc [W], Barwa światła	dd:
Panel LED MINI PRO Premium Series Round VTAC	publish	product_tag	panel-led-mini-pro-premium-series-round-vtac	2	Moc [W], Barwa światła	img:	sw:Moc [W], Barwa światła	dd:
Panel LED MINI PRO Premium Series Square VTAC	publish	product_tag	panel-led-mini-pro-premium-series-square-vtac	3	Moc [W], Barwa światła	img:	sw:Moc [W], Barwa światła	dd:
Panel LED MINI Slim Surface Round VTAC	publish	product_tag	panel-led-mini-slim-surface-round-vtac	0	Moc [W], Barwa światła	img:	sw:Moc [W], Barwa światła	dd:
Panel LED MINI Slim Surface Square VTAC	publish	product_tag	panel-led-mini-slim-surface-square-vtac	2	Moc [W], Barwa światła	img:	sw:Moc [W], Barwa światła	dd:
Panel LED MINI Trimless Panel Round VTAC	publish	product_tag	panel-led-mini-trimless-panel-round-vtac	0	Moc [W], Barwa światła	img:	sw:Moc [W], Barwa światła	dd:
Panel LED MINI Trimless Panel Square VTAC	publish	product_tag	panel-led-mini-trimless-panel-square-vtac	1	Moc [W], Barwa światła	img:	sw:Moc [W], Barwa światła	dd:
Panel LED MINI Twin LED Round VTAC	publish	product_tag	panel-led-mini-twin-led-round-vtac	0	Moc [W], Barwa światła	img:	sw:Moc [W], Barwa światła	dd:
Panel LED MINI Twin LED Square VTAC	publish	product_tag	panel-led-mini-twin-led-square-vtac	1	Moc [W], Barwa światła	img:	sw:Moc [W], Barwa światła	dd:
Peszel bezhalogenowy	publish	product_tag	peszel-bezhalogenowy	9	Średnica	img:	sw:Pilot	dd:Średnica
Peszel bezhalogenowy Peszel UV	publish	product_tag	peszel-bezhalogenowy-peszel-uv	9	Średnica	img:	sw:	dd:Średnica
Peszel foto	publish	product_tag	peszel-foto	16	Długość, Pilot, Średnica	img:	sw:Długość, Pilot	dd:Średnica
Peszel samogasonący	publish	product_tag	peszel-samogasnacy	88	Długość, Odporność mechaniczna [N], Pilot, Średnica	img:	sw:Długość, Odporność mechaniczna [N], Pilot	dd:Średnica
Peszel transparentny	publish	product_tag	peszel-transparentny	21	Długość, Średnica	img:	sw:Długość	dd:Średnica
Peszel UV	publish	product_tag	peszel-uv	44	Długość, Pilot, Średnica	img:	sw:Długość, Pilot	dd:Średnica
Plafon LED BENO ECO KANLUX	publish	product_tag	plafon-led-beno-eco-kanlux	6	Kolor, Moc [W]	img:Kolor	sw:Moc [W]	dd:
Plafon LED KATIA	publish	product_tag	plafon-led-katia	4	Czujnik ruchu, Moc [W]	img:	sw:Czujnik ruchu, Moc [W]	dd:
Plafon LED LINA Bemko	publish	product_tag	plafon-led-lina-bemko	1	Czujnik zmierzchu	img:	sw:Czujnik zmierzchu	dd:
Plafon LED NAIROS	publish	product_tag	plafon-led-nairos	2	Kolor	img:Kolor	sw:	dd:
Plafon LED STIVI Kanlux	publish	product_tag	plafon-led-stivi-kanlux	6	Czujnik ruchu, Strumień świetlny [lm]	img:	sw:Czujnik ruchu, Strumień świetlny [lm]	dd:
Plafon LED VARSO Kanlux	draft	product_tag	plafon-led-varso-kanlux	5	Kształt, Czujnik ruchu, Strumień świetlny [lm]	img:	sw:Kształt, Czujnik ruchu, Strumień świetlny [lm]	dd:
Plafon LED z czujnikiem ruchu NAIROS	publish	product_tag	plafon-led-z-czujnikiem-ruchu-nairos	2	Moc [W]	img:	sw:Moc [W]	dd:
Plafon PLATO	publish	product_tag	plafon-plato	3	Czujnik ruchu	img:	sw:Czujnik ruchu	dd:
Pokrywa korytka Baks	publish	product_tag	pokrywa-korytka-baks	5	Szerokość	img:	sw:Szerokość	dd:
Pręt gwintowany Baks	publish	product_tag	pret-gwintowany-baks	4	Długość, Szerokość	img:	sw:Długość, Szerokość	dd:
PromoWAGO	publish	product_tag	promowago	3	Wariant	img:Wariant	sw:	dd:
przedluzacz heavy line	publish	product_tag	przedluzacz-heavy-line	2	Długość	img:	sw:Długość	dd:
przedluzacz professional 315	publish	product_tag	przedluzacz-professional-315	6	Przewód [mm²], Długość	img:	sw:Przewód [mm²], Długość	dd:
Przedłużacz domowy przenośny LOGAN EDO	publish	product_tag	przedluzacz-domowy-przenosny-logan-edo	5	Wyłącznik, Długość, Liczba gniazd	img:	sw:Wyłącznik, Długość, Liczba gniazd	dd:
Przedłużacz domowy z uziemieniem Elgotech	publish	product_tag	przedluzacz-domowy-z-uziemieniem-elgotech	24	Wyłącznik, Długość, Liczba gniazd	img:Liczba gniazd	sw:Wyłącznik	dd:
Przedłużacz domowy z uziemieniem ELGOTECH czarny	publish	product_tag	przedluzacz-domowy-z-uziemieniem-elgotech-czarny	3	Długość	img:	sw:Długość	dd:
Przedłużacz domowy z uziemieniem ELGOTECH PSF2	publish	product_tag	przedluzacz-domowy-z-uziemieniem-elgotech-psf2	3	Długość	img:	sw:Długość	dd:
Przedłużacz domowy z uziemieniem ELGOTECH PSF3	publish	product_tag	przedluzacz-domowy-z-uziemieniem-elgotech-psf3	3	Długość	img:	sw:Długość	dd:
Przedłużacz ogrodowy Elgotech	publish	product_tag	przedluzacz-ogrodowy-elgotech	5	Długość	img:	sw:Długość	dd:
Przedłużacz ogrodowy Plastrol	publish	product_tag	przedluzacz-ogrodowy-plastrol	5	Długość	img:	sw:Długość	dd:
Przekaźnik czasowy awersyjny jednofunkcyjny PCA-512 FF	publish	product_tag	przekaznik-czasowy-awersyjny-jednofunkcyjny-pca-512-ff	2	Napięcie [V]	img:	sw:Napięcie [V]	dd:
Przekaźnik czasowy rewersyjny jednofunkcyjny FF	publish	product_tag	przekaznik-czasowy-rewersyjny-jednofunkcyjny-ff	2	Napięcie [V]	img:	sw:Napięcie [V]	dd:
Przekaźnik czasowy wielofunkcyjny PCS-516 FF	publish	product_tag	przekaznik-czasowy-wielofunkcyjny-pcs-516-ff	2	Napięcie [V]	img:	sw:Napięcie [V]	dd:
Przekaźnik czasowy wielofunkcyjny PCU-520 FF	publish	product_tag	przekaznik-czasowy-wielofunkcyjny-pcu-520-ff	1	Napięcie [V]	img:	sw:Napięcie [V]	dd:
Przekaźnik elektromagnetyczny PK-1P FF	publish	product_tag	przekaznik-elektromagnetyczny-pk-1p-ff	3	Napięcie [V]	img:	sw:Napięcie [V]	dd:
Przekaźnik elektromagnetyczny PP-1P FF	publish	product_tag	przekaznik-elektromagnetyczny-pp-1p-ff	2	Napięcie [V]	img:	sw:Napięcie [V]	dd:
Przełącznik sieć agregat FF	publish	product_tag	przelacznik-siec-agregat-ff	2	Liczba biegunów	img:	sw:Liczba biegunów	dd:
Przewód elektryczny H03VV-F OMY	publish	product_tag	przewod-elektryczny-h03vv-f-omy	17	Kolor, Liczba żył, Przekrój żyły [mm]	img:Kolor	sw:Liczba żył, Przekrój żyły [mm]	dd:
Przewód H03VVH2-F OMYP płaski	publish	product_tag	przewod-h03vvh2-f-omyp-plaski	7	Przekrój żyły [mm], Kolor	img:Kolor	sw:Liczba żył, Przekrój żyły [mm]	dd:
Przewód H05VV F OWY	publish	product_tag	przewod-h05vv-f-owy	66	Kolor, Liczba żył, Przekrój żyły [mm], Długość	img:	sw:Kolor, Liczba żył, Przekrój żyły [mm], Długość	dd:
Przewód ognioodporny HDGSżo	publish	product_tag	przewod-ognioodporny-hdgszo	2	Przekrój żyły [mm]	img:	sw:Liczba żył, Przekrój żyły [mm]	dd:
Przewód YDY	publish	product_tag	przewod-ydy	21	Liczba żył, Przekrój żyły [mm], Długość	img:	sw:Liczba żył, Przekrój żyły [mm], Długość	dd:
Przewód YDYp 750V płaski	publish	product_tag	przewod-ydyp-750v-plaski	26	Długość, Liczba żył, Przekrój żyły [mm]	img:	sw:Długość, Liczba żył, Przekrój żyły [mm]	dd:
Przycisk Simon 10	publish	product_tag	przycisk-simon-10	5	Rodzaj łącznika, Kolor, Podświetlenie	img:Kolor	sw:Piktogram	dd:
Przyłącz kablowy Ospel Aria	publish	product_tag	przylacz-kablowy-ospel-aria	5	Wariant	img:Wariant	sw:	dd:
Przyłącz kablowy Ospel Impresja	publish	product_tag	przylacz-kablowy-ospel-impresja	6	Wariant	img:Wariant	sw:	dd:
Puszka do G/K z wkrętami Pawbol	publish	product_tag	puszka-do-g-k-z-wkretami-pawbol	5	Wariant	img:Wariant	sw:	dd:
Puszka instalacyjna Ospel As	publish	product_tag	puszka-instalacyjna-ospel-as	0	Wariant	img:Wariant	sw:	dd:
Puszka Pawbol A.0001BLP	publish	product_tag	puszka-pawbol-a-0001blp	2	Ilość w zestawie	img:Ilość w zestawie	sw:	dd:
Puszka Pawbol A.0001LDP	publish	product_tag	puszka-pawbol-a-0001ldp	2	Ilość w zestawie	img:Ilość w zestawie	sw:	dd:
Puszka Pawbol A.0002P	publish	product_tag	puszka-pawbol-a-0002p	2	Ilość w zestawie	img:Ilość w zestawie	sw:	dd:
Puszka Pawbol A.0005P	publish	product_tag	puszka-pawbol-a-0005p	2	Ilość w zestawie	img:Ilość w zestawie	sw:	dd:
Puszka Pawbol A.0006BLP	publish	product_tag	puszka-pawbol-a-0006blp	2	Ilość w zestawie	img:Ilość w zestawie	sw:	dd:
Puszka Pawbol A.0006LP	publish	product_tag	puszka-pawbol-a-0006lp	2	Ilość w zestawie	img:Ilość w zestawie	sw:	dd:
Puszka Pawbol A.0010PG	publish	product_tag	puszka-pawbol-a-0010pg	2	Ilość w zestawie	img:Ilość w zestawie	sw:	dd:
Puszka Pawbol A.0041PG	publish	product_tag	puszka-pawbol-a-0041pg	2	Ilość w zestawie	img:Ilość w zestawie	sw:	dd:
Puszka Pawbol A.0047PG	publish	product_tag	puszka-pawbol-a-0047pg	2	Ilość w zestawie	img:Ilość w zestawie	sw:	dd:
Puszka Pawbol A.0048PG	publish	product_tag	puszka-pawbol-a-0048pg	2	Ilość w zestawie	img:Ilość w zestawie	sw:	dd:
Puszka Pawbol A.0050	publish	product_tag	puszka-pawbol-a-0050	0	Ilość w zestawie	img:Ilość w zestawie	sw:	dd:
Puszka Pawbol A.0061	publish	product_tag	puszka-pawbol-a-0061	2	Ilość w zestawie	img:Ilość w zestawie	sw:	dd:
Puszka Pawbol A.0062	publish	product_tag	puszka-pawbol-a-0062	2	Ilość w zestawie	img:Ilość w zestawie	sw:	dd:
Puszka Simet	publish	product_tag	puszka-simet	4	Wariant	img:Wariant	sw:	dd:
Puszka Simet P60DF	publish	product_tag	puszka-simet-p60df	2	Ilość w zestawie	img:Ilość w zestawie	sw:	dd:
Puszka Simet P60KF	publish	product_tag	puszka-simet-p60kf	2	Ilość w zestawie	img:Ilość w zestawie	sw:	dd:
Puszka Simet PS60	publish	product_tag	puszka-simet-ps60	2	Ilość w zestawie	img:Ilość w zestawie	sw:	dd:
Puszka Simet Z60DF	publish	product_tag	puszka-simet-z60df	2	Ilość w zestawie	img:Ilość w zestawie	sw:	dd:
Ramka Simon 10	publish	product_tag	ramka-simon-10	10	Rodzaj ramki, Kolor	img:Kolor	sw:	dd:Rodzaj ramki
Reflektor MALGA T	publish	product_tag	reflektor-malga-t	10	Wariant	img:Wariant	sw:	dd:
Rodzaj gniazda, Kolor - Simon	publish	product_tag	gniazdo-telefoniczne-simon-54,gniazdo-swiatlowodowe-simon-54,gniazdo-schuko-zs-simon-54,gniazdo-komputerowe-ekranowane-simon-54,gniazdo-hdmi-simon-54,gniazdo-ekwipotencyjne-simon-54,gniazdo-telefoniczne-simon-10,gniazdo-swiatlowodowe-simon-10,gniazdo-komputerowe-kategoria-6e-simon-10simon-10,gniazdo-komputerowe-kategoria-5e-simon-10,gniazdo-hdmi-simon-10,gniazdo-ekwipotencyjne-simon-10,gniazdo-antenowe-f-simon-10,gniazdo-antenowe-r-tv-sat-simon-10	-	Rodzaj gniazda, Kolor	img:Kolor	sw:	dd:
Rodzaj gniazda, Kolor producenta - Simon	publish	product_tag	gniazdo-komputerowe-simon-54,gniazdo-glosnikowe-simon-54,gniazdo-antenowe-r-tv-sat-simon-54,gniazdo-antenowe-f-simon-54	-	Rodzaj gniazda, Kolor producenta	img:Kolor producenta	sw:	dd:
Rodzielnica KLV Eaton	publish	product_tag	rodzielnica-klv-eaton	4	Wariant	img:Wariant	sw:	dd:
Rozdzielnica Kanlux	publish	product_tag	rozdzielnica-kanlux	14	Rodzaj, Drzwiczki, Liczba modułów	img:	sw:Rodzaj, Drzwiczki, Liczba modułów	dd:
Rozdzielnica natynkowa z zaciskami HAGER	publish	product_tag	rozdzielnica-natynkowa-z-zaciskami-hager	3	Liczba modułów	img:	sw:Liczba modułów	dd:
Rozdzielnica podtynkowa golf HAGER	publish	product_tag	rozdzielnica-podtynkowa-golf-hager	2	Liczba modułów	img:	sw:Liczba modułów	dd:
Rozdzielnica podtynkowa volta HAGER	publish	product_tag	rozdzielnica-podtynkowa-volta-hager	6	Liczba modułów	img:	sw:Liczba modułów	dd:
Rozdzielnica podtynkowa volta hybrydowa HAGER	publish	product_tag	rozdzielnica-podtynkowa-volta-hybrydowa-hager	2	Liczba modułów	img:	sw:Liczba modułów	dd:
Rozdzielnica podtynkowa volta QC HAGER	publish	product_tag	rozdzielnica-podtynkowa-volta-qc-hager	2	Liczba modułów	img:	sw:Liczba modułów	dd:
Rozdzielnica podtynkowa volta VDI HAGER	publish	product_tag	rozdzielnica-podtynkowa-volta-vdi-hager	4	Liczba modułów	img:	sw:Liczba modułów	dd:
Rozdzielnica podtynkowa z zaciskami HAGER	publish	product_tag	rozdzielnica-podtynkowa-z-zaciskami-hager	4	Liczba modułów	img:	sw:Liczba modułów	dd:
Rozłącznik izolacyjny Kanlux	publish	product_tag	rozlacznik-izolacyjny-kanlux	7	Prąd znamionowy [A], Liczba modułów	img:	sw:Prąd znamionowy [A], Liczba modułów	dd:
Rura karmowana niebieska AROT TT Plast	publish	product_tag	rura-karmowana-niebieska-arot-tt-plast	11	Długość, Średnica zewnętrzna	img:	sw:Długość, Średnica zewnętrzna	dd:
Ściemniacz uniwersalny FF	publish	product_tag	sciemniacz-uniwersalny-ff	2	Sposób montażu	img:	sw:Sposób montażu	dd:
Seria EDO LOFT	publish	product_tag	seria-edo-loft	6	Wariant	img:Wariant	sw:	dd:
Seria ENTERA Kobi	publish	product_tag	seria-entera-kobi	2	Wariant	img:Wariant	sw:	dd:
Seria INDUO Kobi	publish	product_tag	seria-induo-kobi	0	Wariant	img:Wariant	sw:	dd:
Seria ogrodowa EDO IMMA	publish	product_tag	seria-ogrodowa-edo-imma	5	Wariant	img:Wariant	sw:	dd:
Słupek EDO TULIS	publish	product_tag	slupek-edo-tulis	11	Czujnik ruchu, Kształt, Wysokość	img:	sw:Czujnik ruchu, Kształt, Wysokość	dd:
Słupek ogrodowy ZAMBA GORI	publish	product_tag	slupek-ogrodowy-zamba-gori	2	Kolor, Wysokość	img:	sw:Kolor, Wysokość	dd:
słupki ogrodowe RUM-LUX	publish	product_tag	slupki-ogrodowe-rum-lux	4	Wariant	img:Wariant	sw:	dd:
Śruba Baks	publish	product_tag	sruba-baks	2	Szerokość	img:	sw:Szerokość	dd:
Sterownik bramy SUPLA ZAMEL	publish	product_tag	sterownik-bramy-supla-zamel	2	Liczba wyjść	img:	sw:Liczba wyjść	dd:
Sterownik rolet na szynę FF	publish	product_tag	sterownik-rolet-na-szyne-ff	2	Ilość kanałów	img:	sw:Ilość kanałów	dd:
Sterownik urządzeń SUPLA ZAMEL	publish	product_tag	sterownik-urzadzen-supla-zamel	2	Liczba kanałów łączności	img:	sw:Liczba kanałów łączności	dd:
Stycznik modułowy Kanlux	publish	product_tag	stycznik-modulowy-kanlux	8	Ilość styków zwiernych/rozwiernych, Prąd znamionowy [A]	img:	sw:Ilość styków zwiernych/rozwiernych, Prąd znamionowy [A]	dd:
Stycznik modułowy Schelinger	publish	product_tag	stycznik-modulowy-schelinger	6	Liczba biegunów, Ilość styków zwiernych/rozwiernych	img:	sw:Liczba biegunów, Ilość styków zwiernych/rozwiernych	dd:
Świetlówka Kanlux	publish	product_tag	swietlowka-kanlux	6	Długość, Barwa światła	img:	sw:Długość, Barwa światła	dd:
Świetlówka LED Philips Ecofit	publish	product_tag	swietlowka-led-philips-ecofit	2	Długość, Barwa światła	img:	sw:Długość, Barwa światła	dd:
Szyna grzebieniowa Hager	publish	product_tag	szyna-grzebieniowa-hager	3	Liczba biegunów	img:	sw:Liczba biegunów	dd:
Szyna łączeniowa Eti	publish	product_tag	szyna-laczeniowa-eti	2	Liczba faz, Znamionowy przekrój poprzeczny	img:	sw:Liczba faz, Znamionowy przekrój poprzeczny	dd:
Szynoprzewód EDO SEVA	publish	product_tag	szynoprzewod-edo-seva	6	Wariant	img:Wariant	sw:	dd:
Szynoprzewód meva pro	publish	product_tag	szynoprzewod-meva-pro	15	Wariant	img:Wariant	sw:	dd:
Taśma LED Nextec	publish	product_tag	tasma-led-nextec	10	Moc [W], Barwa światła, Stopień ochrony [IP]	img:	sw:Moc [W], Barwa światła, Stopień ochrony [IP]	dd:
Taśma LED Nextec Premium	publish	product_tag	tasma-led-nextec-premium	5	Barwa światła, Moc [W], Stopień ochrony [IP]	img:	sw:Barwa światła, Moc [W], Stopień ochrony [IP]	dd:
Volteno VO0813	publish	product_tag	volteno-vo0813	3	Ilość w zestawie	img:	sw:Ilość w zestawie	dd:
Volteno VO2214	publish	product_tag	volteno-vo2214	2	Ilość w zestawie	img:	sw:Ilość w zestawie	dd:
WAGO 221	publish	product_tag	wago-221	7	Liczba zacisków, Opakowanie	img:	sw:Liczba zacisków, Na żyłę o przekroju [mm2], Opakowanie	dd:
WAGO 221-2411	publish	product_tag	wago-221-2411	2	Opakowanie	img:	sw:Opakowanie	dd:
WAGO 221-6	publish	product_tag	wago-221-6	5	Liczba zacisków, Opakowanie	img:	sw:Liczba zacisków, Na żyłę o przekroju [mm2], Opakowanie	dd:
WAGO 224	publish	product_tag	wago-224	6	Liczba zacisków, Opakowanie	img:	sw:Liczba zacisków, Opakowanie	dd:
WAGO 2273	publish	product_tag	wago-2273	15	Liczba zacisków, Opakowanie	img:	sw:Liczba zacisków, Opakowanie	dd:
WAGO 2773-2401	publish	product_tag	wago-2773-2401	3	Opakowanie	img:	sw:Opakowanie	dd:
WAGO 773-173	publish	product_tag	wago-773-173	2	Opakowanie	img:	sw:Opakowanie	dd:
Wielopak EDO777639	publish	product_tag	wielopak-edo777639	2	Ilość w zestawie	img:Ilość w zestawie	sw:	dd:
Wielopak EDO777640	publish	product_tag	wielopak-edo777640	2	Ilość w zestawie	img:Ilość w zestawie	sw:	dd:
Wielopak KAIS5WCBML	publish	product_tag	wielopak-kais5wcbml	2	Ilość w zestawie	img:Ilość w zestawie	sw:	dd:
Wielopak KAIS5WNBML	publish	product_tag	wielopak-kais5wnbml	2	Ilość w zestawie	img:Ilość w zestawie	sw:	dd:
Wielopak KAIS5WZBML	publish	product_tag	wielopak-kais5wzbml	2	Ilość w zestawie	img:Ilość w zestawie	sw:	dd:
Wielopak KAIS7WCBML	publish	product_tag	wielopak-kais7wcbml	2	Ilość w zestawie	img:Ilość w zestawie	sw:	dd:
Wielopak KAIS7WNBML	publish	product_tag	wielopak-kais7wnbml	2	Ilość w zestawie	img:Ilość w zestawie	sw:	dd:
Wielopak KAIS7WZBML	publish	product_tag	wielopak-kais7wzbml	2	Ilość w zestawie	img:Ilość w zestawie	sw:	dd:
Wkład LED INSERT MILKY Kobi	publish	product_tag	wklad-led-insert-milky-kobi	6	Moc [W], Barwa światła	img:	sw:Moc [W], Barwa światła, Moc [kWh]	dd:
Wspornik Baks	publish	product_tag	wspornik-baks	7	Długość	img:	sw:Długość	dd:
Wtyczka odbiornikowa PCE	publish	product_tag	wtyczka-odbiornikowa-pce	2	Prąd znamionowy [A]	img:	sw:Prąd znamionowy [A]	dd:
Wtyczka przenośna PCE	publish	product_tag	wtyczka-przenosna-pce	6	Liczba biegunów, Prąd znamionowy [A]	img:	sw:Liczba biegunów, Prąd znamionowy [A]	dd:
Wyłącznik kompaktowy Kanlux	publish	product_tag	wylacznik-kompaktowy-kanlux	4	Prąd znamionowy [A]	img:	sw:Prąd znamionowy [A]	dd:
Wyłącznik nadprądowy ETI	publish	product_tag	wylacznik-nadpradowy-eti	19	Liczba biegunów, Charakterystyka wyzwalania, Prąd znamionowy [A]	img:Liczba biegunów	sw:Charakterystyka wyzwalania, Prąd znamionowy [A]	dd:
Wyłącznik nadprądowy HAGER B1	publish	product_tag	wylacznik-nadpradowy-hager-b1	10	Liczba biegunów, Charakterystyka wyzwalania, Prąd znamionowy [A]	img:	sw:Liczba biegunów, Charakterystyka wyzwalania, Prąd znamionowy [A]	dd:
Wyłącznik nadprądowy HAGER B3	publish	product_tag	wylacznik-nadpradowy-hager-b3	9	Prąd znamionowy [A]	img:	sw:Prąd znamionowy [A]	dd:
Wyłącznik nadprądowy HAGER C1	publish	product_tag	wylacznik-nadpradowy-hager-c1	14	Prąd znamionowy [A]	img:	sw:Prąd znamionowy [A]	dd:
Wyłącznik nadprądowy HAGER C3	publish	product_tag	wylacznik-nadpradowy-hager-c3	14	Prąd znamionowy [A]	img:	sw:Charakterystyka wyzwalania, Liczba biegunów, Prąd znamionowy [A]	dd:
Wyłącznik nadprądowy HAGER D3	publish	product_tag	wylacznik-nadpradowy-hager-d3	2	Prąd znamionowy [A]	img:	sw:Prąd znamionowy [A]	dd:
Wyłącznik nadprądowy kanlux 1P B	publish	product_tag	wylacznik-nadpradowy-kanlux-1p-b	6	Liczba biegunów, Charakterystyka wyzwalania, Prąd znamionowy [A]	img:	sw:Charakterystyka wyzwalania, Prąd znamionowy [A], Kształt żarówki	dd:
Wyłącznik nadprądowy kanlux 1p c	publish	product_tag	wylacznik-nadpradowy-kanlux-1p-c	3	Liczba biegunów, Charakterystyka wyzwalania, Prąd znamionowy [A]	img:	sw:Liczba biegunów, Charakterystyka wyzwalania, Prąd znamionowy [A]	dd:
Wyłącznik nadprądowy kanlux 3p b	publish	product_tag	wylacznik-nadpradowy-kanlux-3p-b	4	Liczba biegunów, Charakterystyka wyzwalania, Prąd znamionowy [A]	img:	sw:Liczba biegunów, Charakterystyka wyzwalania, Prąd znamionowy [A]	dd:
Wyłącznik nadprądowy kanlux 3p c	publish	product_tag	wylacznik-nadpradowy-kanluk-3p-c	5	Liczba biegunów, Charakterystyka wyzwalania, Prąd znamionowy [A]	img:	sw:Liczba biegunów, Charakterystyka wyzwalania, Prąd znamionowy [A]	dd:
Wyłącznik nadprądowy Schneider	publish	product_tag	wylacznik-nadpradowy-schneider	2	Liczba biegunów	img:	sw:Liczba biegunów	dd:
wyłącznik różnicowoprądowy kanlux 2P	publish	product_tag	wylacznik-roznicowopradowy-kanlux-2p	2	Liczba biegunów, Typ wyłącznika, Prąd znamionowy [A]	img:	sw:Liczba biegunów, Typ wyłącznika, Prąd znamionowy [A]	dd:
Wyłącznik różnicowoprądowy kanlux 4P	publish	product_tag	wylacznik-roznicowopradowy-kanlux-4p	5	Liczba biegunów, Typ wyłącznika, Prąd znamionowy [A]	img:	sw:Liczba biegunów, Typ wyłącznika, Prąd znamionowy [A]	dd:
Wysięgnik Baks	publish	product_tag	wysiegnik-baks	5	Długość	img:	sw:Długość	dd:
Wyzwalacz wzrostowy	publish	product_tag	wyzwalacz-wzrostowy-kanlux	2	Prąd znamionowy [A]	img:	sw:Prąd znamionowy [A]	dd:
Zakończenie kanału AKS	publish	product_tag	zakonczenie-kanalu-aks	8	Rozmiar	img:	sw:	dd:Rozmiar
Żarówka EDO BARI E14	publish	product_tag	zarowka-edo-bari-e14	3	Moc [W], Barwa światła	img:	sw:Barwa światła, Moc [kWh]	dd:
Żarówka Edo Fari GU10	publish	product_tag	zarowka-edo-fari-gu10	12	Moc [W], Barwa światła	img:	sw:Moc [W], Barwa światła	dd:
Żarówka EDO KARI E14	publish	product_tag	zarowka-edo-kari-e14	2	Barwa światła	img:	sw:Barwa światła, Moc [W]	dd:
Żarówka EDO MARI E27	publish	product_tag	zarowka-edo-mari-e27	15	Barwa światła, Moc [W]	img:	sw:Barwa światła, Moc [W]	dd:
Żarówka GU10 Philips DIM	publish	product_tag	zarowka-gu10-philips-dim	2	Barwa światła	img:	sw:Barwa światła	dd:
Żarówka GX53 Kanlux + V-TAC	publish	product_tag	zarowka-gx53-kanlux-v-tac	2	Moc [W], Barwa światła	img:	sw:	dd:
Żarówka GX53 Kanlux + V-TAC	publish	product_tag	zarowka-gx53-kanlux-v-tac	2	Moc [W], Barwa światła	img:	sw:Moc [W], Barwa światła	dd:
Żarówka LED COREPRO 120ST Philips GU10	publish	product_tag	zarowka-led-corepro-120st-philips-gu10	3	Moc [W], Barwa światła	img:	sw:Moc [W], Barwa światła	dd:
Żarówka LED COREPRO Philips bańka E27	publish	product_tag	zarowka-led-corepro-philips-banka-e27	5	Moc [W], Barwa światła	img:	sw:Moc [W], Barwa światła	dd:
Żarówka LED COREPRO Philips LUSTRE E14	publish	product_tag	zarowka-led-corepro-philips-lustre-e14	4	Moc [W], Barwa światła	img:	sw:Moc [W], Barwa światła	dd:
Żarówka LED COREPRO Philips LUSTRE E27	publish	product_tag	zarowka-led-corepro-philips-lustre-e27	4	Moc [W], Barwa światła	img:	sw:Moc [W], Barwa światła	dd:
Żarówka LED COREPRO Philips świeczka E14	publish	product_tag	zarowka-led-corepro-philips-swieczka-e14	5	Moc [W], Barwa światła	img:	sw:Moc [W], Barwa światła	dd:
Żarówka LED EMOS G4	publish	product_tag	zarowka-led-emos-g4	2	Barwa światła	img:	sw:Barwa światła	dd:
Żarówka LED EMOS G9 NEW	publish	product_tag	zarowka-led-emos-g9-new	5	Moc [W], Barwa światła	img:	sw:Moc [W], Barwa światła	dd:
Żarówka LED EMOS GU10	publish	product_tag	zarowka-led-emos-gu10	1	Moc [W], Barwa światła	img:	sw:Moc [W], Barwa światła	dd:
Żarówka LED grzybek EMOS E14	publish	product_tag	zarowka-led-grzybek-emos-e14	0	Moc [W], Barwa światła	img:	sw:Moc [W], Barwa światła	dd:
Żarówka LED LVPAR16 60ST Osram GU10	publish	product_tag	zarowka-led-lvpar16-60st-osram-gu10	5	Moc [W], Barwa światła	img:	sw:Moc [W], Barwa światła	dd:
Żarówka LED Osram czarna GU10	publish	product_tag	zarowka-led-osram-czarna-gu10	6	Moc [W], Barwa światła	img:	sw:Moc [W], Barwa światła	dd:
Żarówka LED Par16 Osram GU10	publish	product_tag	zarowka-led-par16-osram-gu10	6	Moc [W], Barwa światła	img:	sw:Moc [W], Barwa światła	dd:
Żarówka LED świeczka EMOS E14	publish	product_tag	zarowka-led-swieczka-emos-e14	2	Moc [W], Barwa światła	img:	sw:Moc [W], Barwa światła	dd:
Żarówka LED T EMOS E14	publish	product_tag	zarowka-led-t-emos-e14	2	Moc [W], Barwa światła	img:	sw:Moc [W], Barwa światła	dd:
Żarówka LED VALUE CLA Osram E27	publish	product_tag	zarowka-led-value-cla-osram-e27	5	Moc [W], Barwa światła	img:	sw:Moc [W], Barwa światła	dd:
Żarówka LED Value Classic Osram E27	publish	product_tag	zarowka-led-value-classic-osram-e27	6	Moc [W], Barwa światła	img:	sw:Moc [W], Barwa światła	dd:
Żarówka LED Vintage EMOS	publish	product_tag	zarowka-led-vintage-emos	2	Wariant	img:Wariant	sw:	dd:
Żarówka Philips LED Master	publish	product_tag	zarowka-philips-led-master	5	Moc [W], Barwa światła	img:	sw:Moc [W], Barwa światła	dd:
Zaślepka Ospel Impresja	publish	product_tag	zaslepka-ospel-impresja	6	Wariant	img:Wariant	sw:	dd:
Zegar sterujący tygodniowy FF	publish	product_tag	zegar-sterujacy-tygodniowy-ff	0	Ilość kanałów	img:	sw:Ilość kanałów	dd:
Zestaw 2x A60 filament 4W E27 Osram	publish	product_tag	zestaw-2x-a60-filament-4w-e27-osram	2	Kolor szkła	img:	sw:Kolor szkła	dd:
Zestaw 3x A60 13W E27 Osram	publish	product_tag	zestaw-3x-a60-13w-e27-osram	2	Barwa światła	img:	sw:Barwa światła	dd:
Zestaw 3x świeczka filament 4W Osram	publish	product_tag	zestaw-3x-swieczka-filament-4w-osram	1	Barwa światła	img:	sw:Barwa światła	dd:
Zestaw 4x świeczka 4,9W E14 Osram	publish	product_tag	zestaw-4x-swieczka-49w-e14-osram	2	Barwa światła	img:	sw:Barwa światła	dd:
Zestaw BARI E14 6 5 W	publish	product_tag	zestaw-bari-e14-6-5-w	6	Barwa światła, Ilość w zestawie	img:Ilość w zestawie	sw:Barwa światła	dd:
Zestaw BARI E14 8 5 W	publish	product_tag	zestaw-bari-e14-8-5-w	6	Barwa światła, Ilość w zestawie	img:Ilość w zestawie	sw:Barwa światła	dd:
Zestaw Falga szynoprzewody	publish	product_tag	zestaw-falga-szynoprzewody	21	Długość, Kolor, Ilość reflektorów	img:	sw:Długość, Kolor	dd:Ilość reflektorów
Zestaw Gavino szynoprzewody	publish	product_tag	zestaw-gavino-szynoprzewody	14	Długość, Kolor, Ilość reflektorów	img:	sw:Długość, Kolor	dd:Ilość reflektorów
Zestaw Karadon szynoprzewody	publish	product_tag	zestaw-karadon-szynoprzewody	8	Długość, Kolor, Ilość reflektorów	img:	sw:Długość, Kolor	dd:Ilość reflektorów
Zestaw Malga szynoprzewody	publish	product_tag	zestaw-malga-szynoprzewody	22	Długość, Kolor, Ilość reflektorów	img:	sw:Długość, Kolor	dd:Ilość reflektorów
Zestaw Nalga szynoprzewody	publish	product_tag	zestaw-nalga-szynoprzewody	38	Długość, Kolor, Ilość reflektorów	img:	sw:Długość, Kolor	dd:Ilość reflektorów
Zestaw Neva szynoprzewody	publish	product_tag	zestaw-neva-szynoprzewody	26	Długość, Kolor, Ilość reflektorów	img:	sw:Długość, Kolor	dd:Ilość reflektorów
Zestaw Neva szynoprzewody wiszące	publish	product_tag	zestaw-neva-szynoprzewody-wiszace	12	Długość, Kolor, Ilość reflektorów	img:	sw:Długość, Kolor	dd:Ilość reflektorów
Zestaw Nilso szynoprzewody	publish	product_tag	zestaw-nilso-szynoprzewody	14	Długość, Kolor, Ilość reflektorów	img:	sw:Długość, Kolor	dd:Ilość reflektorów
Zestaw Ovo szynoprzewody	publish	product_tag	zestaw-ovo-szynoprzewody	17	Długość, Kolor, Ilość reflektorów	img:	sw:Długość, Kolor	dd:Ilość reflektorów
Zestaw żarówek FARI 10 W	publish	product_tag	zestaw-zarowek-fari-10-w	4	Barwa światła, Ilość w zestawie	img:Ilość w zestawie	sw:Barwa światła	dd:
Zestaw żarówek FARI 3 5 W	publish	product_tag	zestaw-zarowek-fari-3-5-w	3	Barwa światła, Ilość w zestawie	img:Ilość w zestawie	sw:Barwa światła	dd:
Zestaw żarówek FARI 5 5 W	publish	product_tag	zestaw-zarowek-fari-5-5-w	4	Barwa światła, Ilość w zestawie	img:Ilość w zestawie	sw:Barwa światła	dd:
Zestaw żarówek FARI 7 5 W	publish	product_tag	zestaw-zarowek-fari-7-5-w	4	Barwa światła, Ilość w zestawie	img:Ilość w zestawie	sw:Barwa światła	dd:
Zestaw żarówek KARI E14 7W	publish	product_tag	zestaw-zarowek-kari-e14-7w	4	Barwa światła, Ilość w zestawie	img:Ilość w zestawie	sw:Barwa światła	dd:
Zestaw żarówek MARI E27 11 W	publish	product_tag	zestaw-zarowek-mari-e27-11-w	6	Barwa światła, Ilość w zestawie	img:Ilość w zestawie	sw:Barwa światła	dd:
Zestaw żarówek MARI E27 13 W	publish	product_tag	zestaw-zarowek-mari-e27-13-w	6	Barwa światła, Ilość w zestawie	img:Ilość w zestawie	sw:Barwa światła	dd:
Zestaw żarówek MARI E27 7 W	publish	product_tag	zestaw-zarowek-mari-e27-7-w	6	Barwa światła, Ilość w zestawie	img:Ilość w zestawie	sw:Barwa światła	dd:
Zestaw żarówek MARI E27 8 5 W	publish	product_tag	zestaw-zarowek-mari-e27-8-5-w	6	Barwa światła, Ilość w zestawie	img:Ilość w zestawie	sw:Barwa światła	dd:
Zestaw żarówek OSRAM 4 5 W	publish	product_tag	zestaw-zarowek-osram-4-5-w	3	Barwa światła, Ilość w zestawie	img:Ilość w zestawie	sw:Barwa światła	dd:
Zestaw żarówek OSRAM 6 9 W	publish	product_tag	zestaw-zarowek-osram-6-9-w	3	Barwa światła, Ilość w zestawie	img:Ilość w zestawie	sw:Barwa światła	dd:
Zestaw żarówek Philips 4 9 W	publish	product_tag	zestaw-zarowek-philips-4-9-w	3	Barwa światła, Ilość w zestawie	img:Ilość w zestawie	sw:Barwa światła	dd:
Złączka taśm LED	publish	product_tag	zlaczka-tasm-led	2	Wariant	img:Wariant	sw:	dd: